spotify_id,artist,name,popularity,duration_ms,explicit,source_playlist,mood
265jHUE2zMARKwtIhkknsS,Linkin Park,Numb,51,187520,False,Top 100 Most Popular Rock Songs,angry
3YRCqOhFifThpSRFJ1VWFM,Guns N' Roses,November Rain,83,536066,False,Top 100 Most Popular Rock Songs,angry
60a0Rd6pjrkxjPbaKzXjfq,Linkin Park,In the End,88,216880,False,Top 100 Most Popular Rock Songs,angry
4TMhakloPMPS84lNHNTSa3,Nirvana,Smells Like Teen Spirit - Remastered 2021,55,300893,False,Top 100 Most Popular Rock Songs,angry
79UJTjTabqsQUhLkTJlSit,4 Non Blondes,What's Up?,0,292162,False,Top 100 Most Popular Rock Songs,angry
1AhDOtG9vPSOmsWgNW0BEY,Queen,Bohemian Rhapsody - Remastered 2011,4,354320,False,Top 100 Most Popular Rock Songs,angry
7o2CTH4ctstm8TNelqjb51,Guns N' Roses,Sweet Child O' Mine,12,354520,True,Top 100 Most Popular Rock Songs,angry
5FVd6KXrgO9B3JPmC8OPst,Arctic Monkeys,Do I Wanna Know?,87,272394,False,Top 100 Most Popular Rock Songs,angry
68HyvTUsmlpH1UJo9tn5v3,The Cranberries,Zombie,0,307440,False,Top 100 Most Popular Rock Songs,angry
5JFZ9Dn9Br9d0C3BEaO75L,Hurricane on Saturn,Back for More,51,202102,False,Top 100 Most Popular Rock Songs,angry
57bgtoPSgt236HzfBOd8kj,AC/DC,Thunderstruck,87,292333,False,Top 100 Most Popular Rock Songs,angry
646J2jOtUe4Jflrmh6JFjN,Evanescence,Bring Me To Life,3,235893,False,Top 100 Most Popular Rock Songs,angry
1JSTJqkT5qHq8MDJnJbRE1,The Police,Every Breath You Take,93,253920,False,Top 100 Most Popular Rock Songs,angry
0nLiqZ6A27jJri2VCalIUs,Metallica,Nothing Else Matters,13,388266,False,Top 100 Most Popular Rock Songs,angry
1zOaxkbS1kAY1gIi0g8sOm,Bon Jovi,It's My Life,2,224493,False,Top 100 Most Popular Rock Songs,angry
5V3mdRI2yQxbSsJGDPc5lD,System Of A Down,Chop Suey!,5,210240,False,Top 100 Most Popular Rock Songs,angry
3YuaBvuZqcwN3CEAyyoaei,Audioslave,Like a Stone,81,293960,False,Top 100 Most Popular Rock Songs,angry
2wVXSc0IrQVodHESUxVUJA,R.E.M.,Losing My Religion,1,268426,False,Top 100 Most Popular Rock Songs,angry
37ZJ0p5Jm13JPevGcx4SkF,Bon Jovi,Livin' On A Prayer,81,249293,False,Top 100 Most Popular Rock Songs,angry
0YiqstoUoXgePF6Oi7ySra,Hurricane on Saturn,Monsters,48,261000,True,Top 100 Most Popular Rock Songs,angry
6b2oQwSGFkzsMtQruIWm2p,Radiohead,Creep,5,238640,True,Top 100 Most Popular Rock Songs,angry
3MrRksHupTVEQ7YbA0FsZK,Europe,The Final Countdown,78,310333,False,Top 100 Most Popular Rock Songs,angry
48UPSzbZjgc449aqz8bxox,Red Hot Chili Peppers,Californication,86,329733,False,Top 100 Most Popular Rock Songs,angry
3Z9PJ6xiEGmcqo2hESEB5n,The Verve,Bitter Sweet Symphony,1,357266,False,Top 100 Most Popular Rock Songs,angry
2Oehrcv4Kov0SuIgWyQY9e,Imagine Dragons,Demons,4,175200,False,Top 100 Most Popular Rock Songs,angry
5PsUB0ISfQxRLhF5DmI5Ks,No Doubt,Don't Speak,1,263000,False,Top 100 Most Popular Rock Songs,angry
6Gn02ZC8juXwQ10Xk7ACXx,Hoobastank,The Reason,1,232800,False,Top 100 Most Popular Rock Songs,angry
2374M0fQpWi3dLnB54qaLX,TOTO,Africa,88,295282,False,Top 100 Most Popular Rock Songs,angry
3ovjw5HZZv43SxTwApooCM,Scorpions,Wind Of Change,82,312360,False,Top 100 Most Popular Rock Songs,angry
2U64TRs9DKbGzs2fPxSGdx,Hurricane on Saturn,Rescue Light,46,199736,True,Top 100 Most Popular Rock Songs,angry
08mG3Y1vljYA6bvDt4Wqkj,AC/DC,Back In Black,84,256000,False,Top 100 Most Popular Rock Songs,angry
7F8JbSCPBXm3IxMx2UMMhH,Survivor,Eye of the Tiger,52,244080,False,Top 100 Most Popular Rock Songs,angry
1Cj2vqUwlJVG27gJrun92y,Disturbed,The Sound of Silence,76,248466,False,Top 100 Most Popular Rock Songs,angry
0kish3Tobj6Wq0we74343q,Bon Jovi,Always,0,353320,False,Top 100 Most Popular Rock Songs,angry
7MeXwzhSDGfqNfuFANgzVC,System Of A Down,Toxicity,4,218933,False,Top 100 Most Popular Rock Songs,angry
46SOM5rxqJ6YWAQUAX93xa,Evanescence,My Immortal,41,265666,False,Top 100 Most Popular Rock Songs,angry
5IXk34xSm6rxNgXkCveC3r,3 Doors Down,Here Without You,58,238560,False,Top 100 Most Popular Rock Songs,angry
03EnOL1O9EKi9CFNmPyrCm,Bryan Adams,Please Forgive Me,2,355640,False,Top 100 Most Popular Rock Songs,angry
07q0QVgO56EorrSGHC48y3,KISS,I Was Made For Lovin' You,85,271240,False,Top 100 Most Popular Rock Songs,angry
6IadkySzhPNWU0ZrXhVimN,Hurricane on Saturn,In Ash,45,256319,True,Top 100 Most Popular Rock Songs,angry
5dRQUolXAVX3BbCiIxmSsf,The Outfield,Your Love,76,221840,False,Top 100 Most Popular Rock Songs,angry
5T8EDUDqKcs6OSOwEsfqG7,Queen,Don't Stop Me Now - Remastered 2011,83,209413,False,Top 100 Most Popular Rock Songs,angry
1Eb90nmqTrxylKFhcUzW8P,Bryan Adams,(Everything I Do) I Do It For You,78,393640,False,Top 100 Most Popular Rock Songs,angry
6kvoHl80mfCVTv7XnZkjQn,Roxette,"It Must Have Been Love - From the Film ""Pretty Woman""",81,259665,False,Top 100 Most Popular Rock Songs,angry
0HJRAM7Gt9jXskuXjZeFX3,Green Day,Holiday / Boulevard of Broken Dreams,57,493400,True,Top 100 Most Popular Rock Songs,angry
3YBZIN3rekqsKxbJc9FZko,Guns N' Roses,Paradise City,9,405640,True,Top 100 Most Popular Rock Songs,angry
64BbK9SFKH2jk86U3dGj2P,Red Hot Chili Peppers,Otherside,85,255373,False,Top 100 Most Popular Rock Songs,angry
0ZEhlT9v8CdOKu55zhYGv9,Guns N' Roses,Don't Cry (Original),1,284800,False,Top 100 Most Popular Rock Songs,angry
7D5n2kpYH2WSqIyEO9MeXf,Guns N' Roses,Patience,2,354400,True,Top 100 Most Popular Rock Songs,angry
3PcpJD8HqRaCDZrEtKdH9h,Hurricane on Saturn,Pollute the Mainstream,0,226347,False,Top 100 Most Popular Rock Songs,angry
4npgZHPUKjWn6ipv6wl66Q,Extreme,More Than Words,0,333995,False,Top 100 Most Popular Rock Songs,angry
7aUuoq4oMfLxaLa5GVUDHi,KALEO,Way down We Go,62,219560,False,Top 100 Most Popular Rock Songs,angry
3m6KkYKdnbffMpGd9Pm9FP,The White Stripes,Seven Nation Army,6,231920,False,Top 100 Most Popular Rock Songs,angry
4Vn7TykT27PIygBiZjTR2s,Eagles,Hotel California - 2013 Remaster,52,391376,False,Top 100 Most Popular Rock Songs,angry
1bdXMstfxFWYSkEFTnJMoN,Metallica,Enter Sandman,2,331266,False,Top 100 Most Popular Rock Songs,angry
18lR4BzEs7e3qzc0KVkTpU,Linkin Park,What I've Done,85,205226,False,Top 100 Most Popular Rock Songs,angry
6lEuFGrUqR9Yc6hSsHPnYP,Aerosmith,"I Don't Want to Miss a Thing - From ""Armageddon"" Soundtrack",2,299760,False,Top 100 Most Popular Rock Songs,angry
2cBGl1Ehr1D9xbqNmraqb4,Aerosmith,Crazy,0,316693,False,Top 100 Most Popular Rock Songs,angry
4LFwNJWoj74Yd71fIr1W8x,Richard Marx,Right Here Waiting,78,264333,False,Top 100 Most Popular Rock Songs,angry
6d2bkGmpzE0sfajoHLDcQa,Hurricane on Saturn,When War Comes,0,214820,False,Top 100 Most Popular Rock Songs,angry
6Qyc6fS4DsZjB2mRW9DsQs,The Goo Goo Dolls,Iris,92,289533,False,Top 100 Most Popular Rock Songs,angry
5HbCnVLXRyZVxnreOPgJCK,Avril Lavigne,Girlfriend,3,216600,True,Top 100 Most Popular Rock Songs,angry
2n6FX3Jcg4b4Leoz0GOqBF,The Calling,Wherever You Will Go,69,208506,False,Top 100 Most Popular Rock Songs,angry
5vdp5UmvTsnMEMESIF2Ym7,Queen,Another One Bites The Dust - Remastered 2011,82,214653,False,Top 100 Most Popular Rock Songs,angry
6Wx88Mv6b9ofjKMKkdwOJd,Linkin Park,New Divide,71,268613,False,Top 100 Most Popular Rock Songs,angry
3cwDSDzTiWr5H5xMQhQ6Mx,Rammstein,Du hast,2,234226,False,Top 100 Most Popular Rock Songs,angry
2zYzyRzz6pRmhPzyfMEC8s,AC/DC,Highway to Hell,86,208110,False,Top 100 Most Popular Rock Songs,angry
0LnkNEgEXv83bVVvgnB9Et,Nirvana,Come As You Are,56,219040,False,Top 100 Most Popular Rock Songs,angry
0bVtevEgtDIeRjCJbK3Lmv,Guns N' Roses,Welcome To The Jungle,11,272026,True,Top 100 Most Popular Rock Songs,angry
2Bhnzebko84NKCscEEk2IQ,Hurricane on Saturn,Solo Sangue,0,210839,True,Top 100 Most Popular Rock Songs,angry
4pbJqGIASGPr0ZpGpnWkDn,Queen,We Will Rock You - Remastered 2011,78,122066,False,Top 100 Most Popular Rock Songs,angry
2vEQ9zBiwbAVXzS2SOxodY,Starship,Nothing's Gonna Stop Us Now,3,270333,False,Top 100 Most Popular Rock Songs,angry
1NCuYqMc8hKMb4cpNTcJbD,Phil Collins,Another Day in Paradise - 2016 Remaster,83,322133,False,Top 100 Most Popular Rock Songs,angry
64yrDBpcdwEdNY9loyEGbX,Green Day,21 Guns,77,321093,False,Top 100 Most Popular Rock Songs,angry
0ntQJM78wzOLVeCUAW7Y45,Kings of Leon,Sex on Fire,85,203346,False,Top 100 Most Popular Rock Songs,angry
1r1fPuhj9H4VdXr7OK6FL5,Linkin Park,CASTLE OF GLASS,77,205400,False,Top 100 Most Popular Rock Songs,angry
2kYnBtnKKO3fPvGK73Ppo9,The Killers,Mr. Brightside,0,223973,False,Top 100 Most Popular Rock Songs,angry
7x8dCjCr0x6x2lXKujYD34,Foo Fighters,The Pretender,79,269306,False,Top 100 Most Popular Rock Songs,angry
63T7DJ1AFDD6Bn8VzG6JE8,The Rolling Stones,"Paint It, Black",83,202266,False,Top 100 Most Popular Rock Songs,angry
20sUFOx6osdeALgtkYo3QD,Hurricane on Saturn,Noizbleed,0,197756,True,Top 100 Most Popular Rock Songs,angry
1G391cbiT3v3Cywg8T7DM1,Red Hot Chili Peppers,Scar Tissue,87,215906,False,Top 100 Most Popular Rock Songs,angry
1ZLtE9tSJdaUiIJ9YoKHQe,Paramore,Decode,79,261959,False,Top 100 Most Popular Rock Songs,angry
1vNoA9F5ASnlBISFekDmg3,Bad Wolves,Zombie,2,254805,False,Top 100 Most Popular Rock Songs,angry
7AB0cUXnzuSlAnyHOqmrZr,Linkin Park,Faint,71,162106,False,Top 100 Most Popular Rock Songs,angry
1aLNpg2kKvUncflV8xE5AA,The Cranberries,Linger,1,274760,False,Top 100 Most Popular Rock Songs,angry
5EBoNoVE7BoGQ7Hfd2uGUR,The Beatles,Don't Let Me Down - Remastered,0,215733,False,Top 100 Most Popular Rock Songs,angry
1SBuYdJK3a3NU55nGomgAe,3 Doors Down,Kryptonite,56,235360,False,Top 100 Most Popular Rock Songs,angry
3cfOd4CMv2snFaKAnMdnvK,Smash Mouth,All Star,79,200373,False,Top 100 Most Popular Rock Songs,angry
04OjLvOApQve45B0ISx4XN,Foreigner,I Want to Know What Love Is,66,285666,False,Top 100 Most Popular Rock Songs,angry
65qNhirLIUZRFegmA8PLzS,Hurricane on Saturn,We Die Young,38,229623,True,Top 100 Most Popular Rock Songs,angry
2oaK4JLVnmRGIO9ytBE1bt,Red Hot Chili Peppers,Dark Necessities,78,302000,False,Top 100 Most Popular Rock Songs,angry
3LTMnFa0hhwisyq6ILahyj,Dire Straits,Sultans Of Swing,3,348624,False,Top 100 Most Popular Rock Songs,angry
2UREu1Y8CO4jXkbvqAtP7g,Skillet,Monster,82,178013,False,Top 100 Most Popular Rock Songs,angry
4rDbp1vnvEhieiccprPMdI,Queen,Somebody To Love - Remastered 2011,75,296480,False,Top 100 Most Popular Rock Songs,angry
7f1X6tauagdeqpfNuNOYWr,Rod Stewart,Have You Ever Seen The Rain,63,192146,False,Top 100 Most Popular Rock Songs,angry
4bJygwUKrRgq1stlNXcgMg,t.A.T.u.,All The Things She Said,86,214440,True,Top 100 Most Popular Rock Songs,angry
2p24lqlIGdDXaLVff4NwH8,blink-182,I Miss You,0,227813,False,Top 100 Most Popular Rock Songs,angry
01MXkFA8sL7at6txavDErt,Air Supply,Making Love Out of Nothing at All,73,341746,False,Top 100 Most Popular Rock Songs,angry
0h17TpfCKbbib1J37Qgj7r,Heart,Alone - Remastered 2000,59,219293,False,Top 100 Most Popular Rock Songs,angry
4bpUxvEEH1Jb62Z1ik1dK4,Hurricane on Saturn,Sturm,35,246036,True,Top 100 Most Popular Rock Songs,angry
01aTsQoKoeXofSTvKuunzv,Major Lazer,Lean On,80,176561,False,"Nostalgic Playlist 2015, 2016, 2017, 2018",sad
2uZWffKoemZDI0gHcBEcDc,Cartoon,On & On,64,207068,False,"Nostalgic Playlist 2015, 2016, 2017, 2018",sad
3WRQUvzRvBDr4AxMWhXc5E,Petit Biscuit,Sunset Lover,66,238906,False,"Nostalgic Playlist 2015, 2016, 2017, 2018",sad
7qiZfU4dY1lWllzX7mPBI3,Ed Sheeran,Shape of You,89,233712,False,"Nostalgic Playlist 2015, 2016, 2017, 2018",sad
2hrUO4drrO63i7FYbCLBl2,Clean Bandit,Rockabye (feat. Sean Paul & Anne-Marie),81,251173,False,"Nostalgic Playlist 2015, 2016, 2017, 2018",sad
6habFhsOp2NvshLv26DqMb,Luis Fonsi,Despacito,82,229360,False,"Nostalgic Playlist 2015, 2016, 2017, 2018",sad
1rfofaqEpACxVEHIZBJe6W,Camila Cabello,Havana (feat. Young Thug),81,217308,False,"Nostalgic Playlist 2015, 2016, 2017, 2018",sad
3NuK5xMlSlB6K2Qp16zf3h,Clean Bandit,Solo (feat. Demi Lovato),75,222706,False,"Nostalgic Playlist 2015, 2016, 2017, 2018",sad
2jB9QaPJyVdz2Q0Va8rrnU,Bebe Rexha,I Got You,63,191786,False,"Nostalgic Playlist 2015, 2016, 2017, 2018",sad
7JJmb5XwzOO8jgpou264Ml,Shawn Mendes,There's Nothing Holdin' Me Back,86,199440,False,"Nostalgic Playlist 2015, 2016, 2017, 2018",sad
5cF0dROlMOK5uNZtivgu50,Charlie Puth,Attention,87,208786,False,"Nostalgic Playlist 2015, 2016, 2017, 2018",sad
0pqnGHJpmpxLKifKRmU6WP,Imagine Dragons,Believer,86,204346,False,"Nostalgic Playlist 2015, 2016, 2017, 2018",sad
7fa9MBXhVfQ8P8Df9OEbD8,Maroon 5,Girls Like You (feat. Cardi B) - Cardi B Version,74,235545,True,"Nostalgic Playlist 2015, 2016, 2017, 2018",sad
2dpaYNEQHiRxtZbfNsse99,Marshmello,Happier,9,214289,False,"Nostalgic Playlist 2015, 2016, 2017, 2018",sad
7jEyX4bqaCSdMN4D4JNnVj,Jonas Blue,Mama,72,184133,False,"Nostalgic Playlist 2015, 2016, 2017, 2018",sad
6v3KW9xbzN5yKLt9YKDYA2,Shawn Mendes,Señorita,80,190799,False,"Nostalgic Playlist 2015, 2016, 2017, 2018",sad
2N8m6CYs74qQO4mjVcXO30,Tones And I,Dance Monkey,75,209438,False,"Nostalgic Playlist 2015, 2016, 2017, 2018",sad
76hfruVvmfQbw0eYn1nmeC,DNCE,Cake By The Ocean,82,219146,True,"Nostalgic Playlist 2015, 2016, 2017, 2018",sad
08bNPGLD8AhKpnnERrAc6G,Marshmello,FRIENDS,7,202620,True,"Nostalgic Playlist 2015, 2016, 2017, 2018",sad
04ZTP5KsCypmtCmQg5tH9R,Bebe Rexha,I'm a Mess,71,195519,False,"Nostalgic Playlist 2015, 2016, 2017, 2018",sad
0tBbt8CrmxbjRP0pueQkyU,Selena Gomez,Wolves,76,197993,False,"Nostalgic Playlist 2015, 2016, 2017, 2018",sad
27SdWb2rFzO6GWiYDBTD9j,Sia,Cheap Thrills,78,211666,False,"Nostalgic Playlist 2015, 2016, 2017, 2018",sad
4VrWlk8IQxevMvERoX08iC,Sia,Chandelier,82,216120,False,"Nostalgic Playlist 2015, 2016, 2017, 2018",sad
3zHq9ouUJQFQRf3cm1rRLu,Ellie Goulding,"Love Me Like You Do - From ""Fifty Shades Of Grey""",78,252534,False,"Nostalgic Playlist 2015, 2016, 2017, 2018",sad
6kwAbEjseqBob48jCus7Sz,Sia,Elastic Heart,79,257200,False,"Nostalgic Playlist 2015, 2016, 2017, 2018",sad
7DnAm9FOTWE3cUvso43HhI,Ava Max,Sweet but Psycho,83,187436,False,"Nostalgic Playlist 2015, 2016, 2017, 2018",sad
1HvCFAUIWQsWV9zud3UhDl,Alan Walker,All Falls Down (feat. Juliander),64,198880,True,"Nostalgic Playlist 2015, 2016, 2017, 2018",sad
0YammaEkYSeo9vQYZ1OwS6,David Guetta,Say My Name,69,198946,False,"Nostalgic Playlist 2015, 2016, 2017, 2018",sad
698ItKASDavgwZ3WjaWjtz,Alan Walker,Faded,82,212106,False,"Nostalgic Playlist 2015, 2016, 2017, 2018",sad
01BC4Xj5tfsfV8DLDrma7q,Anne-Marie,Ciao Adios,66,199773,False,"Nostalgic Playlist 2015, 2016, 2017, 2018",sad
7COfe3P7KgfwDwIRB8LIDw,J Balvin,Mi Gente,78,185040,False,"Nostalgic Playlist 2015, 2016, 2017, 2018",sad
2ekn2ttSfGqwhhate0LSR0,Dua Lipa,New Rules,81,209320,False,"Nostalgic Playlist 2015, 2016, 2017, 2018",sad
4rHmKlFRiFzabiVO6e9w2e,Katy Perry,Bon Appétit,74,227813,False,"Nostalgic Playlist 2015, 2016, 2017, 2018",sad
7ef4DlsgrMEH11cDZd32M6,Calvin Harris,One Kiss (with Dua Lipa),79,214846,False,"Nostalgic Playlist 2015, 2016, 2017, 2018",sad
7BKLCZ1jbUBVqRi2FVlTVw,The Chainsmokers,Closer,88,244960,False,"Nostalgic Playlist 2015, 2016, 2017, 2018",sad
79Nnbjlw4ulw59lkHUZm9N,Era Istrefi,Bonbon,62,167000,False,"Nostalgic Playlist 2015, 2016, 2017, 2018",sad
0b6wdul3A5sQNpIOv03OxP,Duke Dumont,Ocean Drive,68,206320,False,"Nostalgic Playlist 2015, 2016, 2017, 2018",sad
3CRDbSIZ4r5MsZ0YwxuEkn,Twenty One Pilots,Stressed Out,87,202333,False,"Nostalgic Playlist 2015, 2016, 2017, 2018",sad
1rIKgCH4H52lrvDcz50hS8,Zara Larsson,Lush Life,94,200646,False,"Nostalgic Playlist 2015, 2016, 2017, 2018",sad
7K5dzhGda2vRTaAWYI3hrb,P!nk,"Just Like Fire (From the Original Motion Picture ""Alice Through The Looking Glass"")",70,215413,False,"Nostalgic Playlist 2015, 2016, 2017, 2018",sad
06KyNuuMOX1ROXRhj787tj,Charlie Puth,We Don't Talk Anymore (feat. Selena Gomez),79,217706,False,"Nostalgic Playlist 2015, 2016, 2017, 2018",sad
0azC730Exh71aQlOt9Zj3y,Calvin Harris,This Is What You Came For,79,221900,False,"Nostalgic Playlist 2015, 2016, 2017, 2018",sad
3QGsuHI8jO1Rx4JWLUh9jd,Shawn Mendes,Treat You Better,86,187973,False,"Nostalgic Playlist 2015, 2016, 2017, 2018",sad
6i0V12jOa3mr6uu4WYhUBr,Twenty One Pilots,Heathens,83,195920,False,"Nostalgic Playlist 2015, 2016, 2017, 2018",sad
1i1fxkWeaMmKEB4T7zqbzK,The Chainsmokers,Don't Let Me Down,85,208373,False,"Nostalgic Playlist 2015, 2016, 2017, 2018",sad
6JV2JOEocMgcZxYSZelKcc,Justin Timberlake,"CAN'T STOP THE FEELING! (from DreamWorks Animation's ""TROLLS"")",76,236001,False,"Nostalgic Playlist 2015, 2016, 2017, 2018",sad
2Z8WuEywRWYTKe1NybPQEW,Twenty One Pilots,Ride,85,214506,False,"Nostalgic Playlist 2015, 2016, 2017, 2018",sad
3P3pw6C19j31Rnzgo3JG7o,Jonas Blue,Perfect Strangers,78,196613,False,"Nostalgic Playlist 2015, 2016, 2017, 2018",sad
0gb1J5UrTpzaU1s3nupgCd,Galantis,No Money,68,189126,False,"Nostalgic Playlist 2015, 2016, 2017, 2018",sad
6hmhG1b4LEyNuashVvuIAo,Zara Larsson,Never Forget You,81,212574,False,"Nostalgic Playlist 2015, 2016, 2017, 2018",sad
2DuWtGyGAhc9GIhLCkerZH,Whethan,All In My Head (feat. grandson),41,148112,False,"Nostalgic Playlist 2015, 2016, 2017, 2018",sad
46NBoIAHrmR7qcUGCIFEjR,David Guetta,This One's for You (feat. Zara Larsson) (Official Song UEFA EURO 2016),71,207272,False,"Nostalgic Playlist 2015, 2016, 2017, 2018",sad
7ciLq0Cip0yxiz6KANrOUq,DNCE,Toothbrush,68,231813,False,"Nostalgic Playlist 2015, 2016, 2017, 2018",sad
6O20JhBJPePEkBdrB5sqRx,Rihanna,Diamonds,76,225146,False,"Nostalgic Playlist 2015, 2016, 2017, 2018",sad
48RrDBpOSSl1aLVCalGl5C,Eminem,The Monster,83,250188,True,"Nostalgic Playlist 2015, 2016, 2017, 2018",sad
0hTrQoqDmFnA4S1PC265e1,TheFatRat,Fly Away,67,194267,False,"Nostalgic Playlist 2015, 2016, 2017, 2018",sad
2vwlzO0Qp8kfEtzTsCXfyE,Miley Cyrus,Wrecking Ball,81,221366,False,"Nostalgic Playlist 2015, 2016, 2017, 2018",sad
6bDuSI5t7GTjGsW84yyme6,Streex,Forever,33,193600,False,"Nostalgic Playlist 2015, 2016, 2017, 2018",sad
3EXL31rPC35pLYdZ8fQz5P,Fallulah,Give Us a Little Love,43,225906,False,"Nostalgic Playlist 2015, 2016, 2017, 2018",sad
0d28khcov6AiegSCpG5TuT,Gorillaz,Feel Good Inc.,89,222640,False,"Nostalgic Playlist 2015, 2016, 2017, 2018",sad
5f6JnxY2aqNdF3qFIPozUd,AViVA,GRRRLS,51,228904,False,"Nostalgic Playlist 2015, 2016, 2017, 2018",sad
3zjjzKg16tczCMwckGKGuH,Weathers,Happy Pills,64,203080,False,"Nostalgic Playlist 2015, 2016, 2017, 2018",sad
3rfhI32Il2hVRKDkuGeeen,Pitbull,Hey Baby (Drop It to the Floor) (feat. T-Pain),81,234453,False,"Nostalgic Playlist 2015, 2016, 2017, 2018",sad
4PVm8e67skz8B8wiJP2kwk,Redfoo,New Thang,62,226800,False,"Nostalgic Playlist 2015, 2016, 2017, 2018",sad
285HeuLxsngjFn4GGegGNm,David Guetta,"Hey Mama (feat. Nicki Minaj, Bebe Rexha & Afrojack)",74,192560,False,"Nostalgic Playlist 2015, 2016, 2017, 2018",sad
26rdOwwjC2UnweK3xeS58u,Flo Rida,GDFR (feat. Sage the Gemini & Lookas),74,190185,False,"Nostalgic Playlist 2015, 2016, 2017, 2018",sad
3Te8uLyit6X3ncNW8Fp3K2,Fall Out Boy,Immortals,77,189386,False,"Nostalgic Playlist 2015, 2016, 2017, 2018",sad
3C0nOe05EIt1390bVABLyN,Jennifer Lopez,On The Floor,83,284866,False,"Nostalgic Playlist 2015, 2016, 2017, 2018",sad
7MmG8p0F9N3C4AXdK6o6Eb,Calvin Harris,Outside (feat. Ellie Goulding),87,227266,False,"Nostalgic Playlist 2015, 2016, 2017, 2018",sad
2JzZzZUQj3Qff7wapcbKjc,Wiz Khalifa,See You Again (feat. Charlie Puth),83,229525,False,"Nostalgic Playlist 2015, 2016, 2017, 2018",sad
24rMRUGKmXzQ4Np36D8RuV,DEAMN,Sign,47,191559,False,"Nostalgic Playlist 2015, 2016, 2017, 2018",sad
0nrRP2bk19rLc0orkWPQk2,Avicii,Wake Me Up,86,247426,False,"Nostalgic Playlist 2015, 2016, 2017, 2018",sad
3bC1ahPIYt1btJzSSEyyrF,Flo Rida,Whistle,79,224653,False,"Nostalgic Playlist 2015, 2016, 2017, 2018",sad
7EZC6E7UjZe63f1jRmkWxt,The Cranberries,Zombie,22,306440,False,"Nostalgic Playlist 2015, 2016, 2017, 2018",sad
378iszndTZAR4dH8kwsLC6,Sia,Cheap Thrills (feat. Sean Paul),77,224813,False,"Nostalgic Playlist 2015, 2016, 2017, 2018",sad
72gv4zhNvRVdQA0eOenCal,Clean Bandit,Symphony (feat. Zara Larsson),82,212733,False,"Nostalgic Playlist 2015, 2016, 2017, 2018",sad
0lYBSQXN6rCTvUZvg9S0lU,DJ Snake,Let Me Love You,89,205946,False,"Nostalgic Playlist 2015, 2016, 2017, 2018",sad
4tCtwWceOPWzenK2HAIJSb,Fifth Harmony,Work from Home (feat. Ty Dolla $ign),80,214477,False,"Nostalgic Playlist 2015, 2016, 2017, 2018",sad
2K87XMYnUMqLcX3zvtAF4G,One Direction,Drag Me Down,79,192112,False,"Nostalgic Playlist 2015, 2016, 2017, 2018",sad
2Bs4jQEGMycglOfWPBqrVG,One Direction,Steal My Girl,82,228138,False,"Nostalgic Playlist 2015, 2016, 2017, 2018",sad
6RUKPb4LETWmmr3iAEQktW,The Chainsmokers,Something Just Like This,87,247160,False,"Nostalgic Playlist 2015, 2016, 2017, 2018",sad
48QmG1dfvMuYLxMPt7KSRA,Sean Paul,No Lie,86,221176,False,"Nostalgic Playlist 2015, 2016, 2017, 2018",sad
0RE4crnT3jRms1xxVlEZx2,Marwa Loud,Bad boy,73,187844,False,"Nostalgic Playlist 2015, 2016, 2017, 2018",sad
1Bhm5HNO1cq8olDbBmokyL,Aya Nakamura,Copines,75,171720,False,"Nostalgic Playlist 2015, 2016, 2017, 2018",sad
6wmAHw1szh5RCKSRjiXhPe,Charlie Puth,How Long,78,200853,False,"Nostalgic Playlist 2015, 2016, 2017, 2018",sad
4jbmgIyjGoXjY01XxatOx6,Katy Perry,Dark Horse,82,215672,False,"Nostalgic Playlist 2015, 2016, 2017, 2018",sad
6QgjcU0zLnzq5OrUoSZ3OK,Portugal. The Man,Feel It Still,82,163253,False,"Nostalgic Playlist 2015, 2016, 2017, 2018",sad
3bidbhpOYeV4knp8AIu8Xn,Macklemore,Can't Hold Us (feat. Ray Dalton),79,258342,False,"Nostalgic Playlist 2015, 2016, 2017, 2018",sad
7pYfyrMNPn3wtoCyqcTVoI,Maroon 5,"Moves Like Jagger - Studio Recording From ""The Voice"" Performance",82,201493,False,"Nostalgic Playlist 2015, 2016, 2017, 2018",sad
6T689Jvh5KrSXyaPtUWZtQ,Britney Spears,Criminal,73,225080,False,"Nostalgic Playlist 2015, 2016, 2017, 2018",sad
22mek4IiqubGD9ctzxc69s,Calvin Harris,How Deep Is Your Love,78,212495,False,"Nostalgic Playlist 2015, 2016, 2017, 2018",sad
4odiyU3myG29Ld0wurMfE8,Sean Paul,She Doesn't Mind,78,227786,False,"Nostalgic Playlist 2015, 2016, 2017, 2018",sad
3wPPWcVuinAU7dXcJXtCID,Naughty Boy,La La La,76,222200,False,"Nostalgic Playlist 2015, 2016, 2017, 2018",sad
7BqHUALzNBTanL6OvsqmC1,Marshmello,Happier,82,214289,False,"Nostalgic Playlist 2015, 2016, 2017, 2018",sad
7982sGZuvo5OXsY6REzgIn,Charli xcx,Boom Clap,69,169866,False,"Nostalgic Playlist 2015, 2016, 2017, 2018",sad
7MiZjKawmXTsTNePyTfPyL,Hippie Sabotage,Devil Eyes,76,131271,False,"Nostalgic Playlist 2015, 2016, 2017, 2018",sad
0dkV8DuMfWAVhfi3iMnIX3,Syn Cole,Feel Good,49,181935,False,"Nostalgic Playlist 2015, 2016, 2017, 2018",sad
3eR23VReFzcdmS7TYCrhCe,Kygo,It Ain't Me (with Selena Gomez),78,220780,False,"Nostalgic Playlist 2015, 2016, 2017, 2018",sad
2CPqh63wRVscbceKcPxwvv,Mike Perry,The Ocean (feat. Shy Martin),66,183414,False,"Nostalgic Playlist 2015, 2016, 2017, 2018",sad
6bLopGnirdrilrpdVB6Um1,Sia,The Greatest,77,210906,False,"Nostalgic Playlist 2015, 2016, 2017, 2018",sad
0qOnSQQF0yzuPWsXrQ9paz,Gym Class Heroes,Stereo Hearts (feat. Adam Levine),83,210960,False,"Nostalgic Playlist 2015, 2016, 2017, 2018",sad
0vbtURX4qv1l7besfwmnD8,Mike Posner,I Took A Pill In Ibiza - Seeb Remix,83,197933,True,"Nostalgic Playlist 2015, 2016, 2017, 2018",sad
5masKPHeAOVNgxdLebIcK7,Kygo,Stole the Show,77,223182,False,"Nostalgic Playlist 2015, 2016, 2017, 2018",sad
6FZDfxM3a3UCqtzo5pxSLZ,Halsey,Without Me,84,201660,True,"Nostalgic Playlist 2015, 2016, 2017, 2018",sad
40YcuQysJ0KlGQTeGUosTC,G-Eazy,"Me, Myself & I",81,251465,True,"Nostalgic Playlist 2015, 2016, 2017, 2018",sad
6SRWhUJcD2YKahCwHavz3X,Alan Walker,Darkside,74,211680,False,"Nostalgic Playlist 2015, 2016, 2017, 2018",sad
0Ui05Ov0s4PnRc4JI3Pilg,The Cardigans,My Favourite Game,72,220467,False,"Nostalgic Playlist 2015, 2016, 2017, 2018",sad
1pjvlYOMIg1NhGQbM6iwrY,Major Lazer,Light It Up,74,166138,False,"Nostalgic Playlist 2015, 2016, 2017, 2018",sad
5DV4ZSCqbFv74ui3ZhimXo,Jason Derulo,Coño,59,111852,True,"Nostalgic Playlist 2015, 2016, 2017, 2018",sad
4B4zDmbHdkXZ1wUJv1yKFy,Jason Derulo,Wiggle (feat. Snoop Dogg),65,193295,False,"Nostalgic Playlist 2015, 2016, 2017, 2018",sad
3LWDPEXEaLBRGNLbdcbwBR,Alexandra Stan,Mr. Saxobeat - Radio Edit,78,195105,False,"Nostalgic Playlist 2015, 2016, 2017, 2018",sad
5l3CML2OnzfNs5RfVgbcLt,Jason Derulo,Talk Dirty (feat. 2 Chainz),72,177685,True,"Nostalgic Playlist 2015, 2016, 2017, 2018",sad
2e7s0oEzUoJtDSPtYJuVvD,Major Lazer,Lean On (feat. MØ & DJ Snake),79,176561,False,"Nostalgic Playlist 2015, 2016, 2017, 2018",sad
3y9GDhOJ8GUFIa3DOqLAPZ,Offmind,Prayer In C,1,159203,False,"Nostalgic Playlist 2015, 2016, 2017, 2018",sad
3ciO40CQHrP5rYDhoMfOWQ,Saxena,Get You The Moon,43,156885,False,"Nostalgic Playlist 2015, 2016, 2017, 2018",sad
3qxNkQ9tGJBexnQt1QEoik,veranda life,Don't Be So Shy,3,164500,False,"Nostalgic Playlist 2015, 2016, 2017, 2018",sad
6XpGvJjVQJtQGUbBATyfA4,We Architects,We Don't Talk Anymore,36,179400,False,"Nostalgic Playlist 2015, 2016, 2017, 2018",sad
5jsw9uXEGuKyJzs0boZ1bT,Shawn Mendes,Stitches,84,206880,False,"Nostalgic Playlist 2015, 2016, 2017, 2018",sad
5lF0pHbsJ0QqyIrLweHJPW,Ellie Goulding,Burn,77,231213,False,"Nostalgic Playlist 2015, 2016, 2017, 2018",sad
4nVBt6MZDDP6tRVdQTgxJg,One Direction,Story of My Life,84,245490,False,"Nostalgic Playlist 2015, 2016, 2017, 2018",sad
1XGmzt0PVuFgQYYnV2It7A,Maroon 5,Payphone,85,231173,True,"Nostalgic Playlist 2015, 2016, 2017, 2018",sad
2bL2gyO6kBdLkNSkxXNh6x,Maroon 5,Animals,83,231013,False,"Nostalgic Playlist 2015, 2016, 2017, 2018",sad
1V6gIisPpYqgFeWbMLI0bA,Demi Lovato,Heart Attack,81,210840,False,"Nostalgic Playlist 2015, 2016, 2017, 2018",sad
6dMRJ71M8AtrA6ZcJNvUA3,noturgf,Stressed Out X Haunting X Alphabet Boy - Slowed,59,73477,False,"Nostalgic Playlist 2015, 2016, 2017, 2018",sad
15JINEqzVMv3SvJTAXAKED,Eminem,Love The Way You Lie,87,263373,True,"Nostalgic Playlist 2015, 2016, 2017, 2018",sad
04aAxqtGp5pv12UXAg4pkq,Fall Out Boy,Centuries,81,228360,False,"Nostalgic Playlist 2015, 2016, 2017, 2018",sad
1zLBsSVxETQOfINOLYvT5m,Black Eyed Peas,GIRL LIKE ME,80,222522,True,"Nostalgic Playlist 2015, 2016, 2017, 2018",sad
4I4IWwxmrY8CUQ0lJAT3fW,Shakira,La La La,56,186333,False,"Nostalgic Playlist 2015, 2016, 2017, 2018",sad
2Tg3x3erbMzzCqQ2irE5iS,Eric Saade,Wide Awake - Red Mix,0,184954,False,"Nostalgic Playlist 2015, 2016, 2017, 2018",sad
3LlmKSHR3Rs0Y3KHQLAYDk,Alan Walker,Alone,77,160426,False,"Nostalgic Playlist 2015, 2016, 2017, 2018",sad
0Hf4aIJpsN4Os2f0y0VqWl,Pitbull,Feel This Moment (feat. Christina Aguilera),81,229500,False,"Nostalgic Playlist 2015, 2016, 2017, 2018",sad
2XsRUtos1QZOORVt4R8xT4,Arnon,Te Molla,57,195500,False,"Nostalgic Playlist 2015, 2016, 2017, 2018",sad
2s5YN9O8Qv25BjQobPHWVZ,Far East Movement,Like A G6,1,219306,False,Party Songs 🥳 2010-2026 Hits 🎉,happy
1V4jC0vJ5525lEF1bFgPX2,LMFAO,Shots,72,222133,True,Party Songs 🥳 2010-2026 Hits 🎉,happy
2EBCVPNAG46nbgs6jXPGvv,Nicki Minaj,Starships,79,210626,True,Party Songs 🥳 2010-2026 Hits 🎉,happy
2LEF1A8DOZ9wRYikWgVlZ8,Flo Rida,Good Feeling,81,248133,False,Party Songs 🥳 2010-2026 Hits 🎉,happy
4Y7XAxTANhu3lmnLAzhWJW,Pitbull,Fireball (feat. John Ryan),82,236253,False,Party Songs 🥳 2010-2026 Hits 🎉,happy
2a1o6ZejUi8U3wzzOtCOYw,Don Omar,Danza Kuduro,84,198773,False,Party Songs 🥳 2010-2026 Hits 🎉,happy
2CEgGE6aESpnmtfiZwYlbV,Taio Cruz,Dynamite,75,202613,False,Party Songs 🥳 2010-2026 Hits 🎉,happy
5OMwQFBcte0aWFJFqrr5oj,Kesha,TiK ToK,1,199693,False,Party Songs 🥳 2010-2026 Hits 🎉,happy
7ks6AZmFcm3Y6PGGxGSmlB,David Guetta,Where Them Girls At (feat. Nicki Minaj & Flo Rida),78,194840,True,Party Songs 🥳 2010-2026 Hits 🎉,happy
0TDLuuLlV54CkRRUOahJb4,David Guetta,Titanium (feat. Sia),84,245040,False,Party Songs 🥳 2010-2026 Hits 🎉,happy
4uUG5RXrOk84mYEfFvj3cK,David Guetta,I'm Good (Blue),85,175238,True,Party Songs 🥳 2010-2026 Hits 🎉,happy
4cG7HUWYHBV6R6tHn1gxrl,Riton,Friday (feat. Mufasa & Hypeman) - Dopamine Re-Edit,80,169153,False,Party Songs 🥳 2010-2026 Hits 🎉,happy
3Dzso9Q2WwupEclqgxBZht,Madism,Pumped Up Kicks,64,145161,False,Party Songs 🥳 2010-2026 Hits 🎉,happy
1CdqVF1ywD0ZO1zXtB9yWa,Taio Cruz,Break Your Heart,70,186266,False,Party Songs 🥳 2010-2026 Hits 🎉,happy
1NpW5kyvO4XrNJ3rnfcNy3,Flo Rida,Wild Ones (feat. Sia),81,232946,False,Party Songs 🥳 2010-2026 Hits 🎉,happy
3ZFTkvIE7kyPt6Nu3PEa7V,Shakira,Hips Don't Lie (feat. Wyclef Jean),18,218093,False,Party Songs 🥳 2010-2026 Hits 🎉,happy
6rPO02ozF3bM7NnOV4h6s2,Luis Fonsi,Despacito - Remix,71,228826,False,Party Songs 🥳 2010-2026 Hits 🎉,happy
7rIhVsWn8W82shpRiPDrXc,Pitbull,Give Me Everything (feat. Nayer),57,252880,False,Party Songs 🥳 2010-2026 Hits 🎉,happy
7pkTm38dEoB2ff1tDErRy0,MITCH DB,Sexy And I Know It,57,170853,False,Party Songs 🥳 2010-2026 Hits 🎉,happy
3BKD1PwArikchz2Zrlp1qi,David Guetta,Baby Don't Hurt Me,77,140017,False,Party Songs 🥳 2010-2026 Hits 🎉,happy
3bjM6KcvV1MwkAm7DJQb9O,loafers,Lay All Your Love On Me,62,155076,False,Party Songs 🥳 2010-2026 Hits 🎉,happy
3cZajhyr8LmtPfHZ9296tj,Disco Lines,No Broke Boys,92,163994,True,Party Songs 🥳 2010-2026 Hits 🎉,happy
0ByMNEPAPpOR5H69DVrTNy,Rihanna,Don't Stop The Music,85,267080,False,Party Songs 🥳 2010-2026 Hits 🎉,happy
3jj5ZZ87UphCM0FmZzarpn,Masove,Gimme! Gimme! Gimme! (A Man After Midnight),54,135483,False,Party Songs 🥳 2010-2026 Hits 🎉,happy
6h5PAsRni4IRlxWr6uDPTP,Axwell /\ Ingrosso,More Than You Know,79,203000,False,Party Songs 🥳 2010-2026 Hits 🎉,happy
1A8j067qyiNwQnZT0bzUpZ,Kungs,This Girl (Kungs Vs. Cookin' On 3 Burners),78,195546,False,Party Songs 🥳 2010-2026 Hits 🎉,happy
3JTRosAuKi5dFUNL0GNAdU,Tigerlily,Dancing In The Moonlight,1,131400,False,Party Songs 🥳 2010-2026 Hits 🎉,happy
3dXLhWGgGEigv2J5BANl0A,Braaheim,Black Betty,64,139870,True,Party Songs 🥳 2010-2026 Hits 🎉,happy
455AfCsOhhLPRc68sE01D8,Katy Perry,Last Friday Night (T.G.I.F.),74,230746,False,Party Songs 🥳 2010-2026 Hits 🎉,happy
0C4ejWmOTMv8vuYj85mf8m,Rihanna,S&M,73,243533,True,Party Songs 🥳 2010-2026 Hits 🎉,happy
6ykKLGhmSxKNDTcacTcUKV,Angelo Basham,Catch Me If You Can,49,137275,False,Party Songs 🥳 2010-2026 Hits 🎉,happy
127uq83uGFapbddqiMUKky,David Guetta,Sexy Bitch (feat. Akon),63,195853,True,Party Songs 🥳 2010-2026 Hits 🎉,happy
4kLLWz7srcuLKA7Et40PQR,Black Eyed Peas,I Gotta Feeling,83,289133,False,Party Songs 🥳 2010-2026 Hits 🎉,happy
2V65y3PX4DkRhy1djlxd9p,Swedish House Mafia,Don't You Worry Child - Radio Edit,83,212862,False,Party Songs 🥳 2010-2026 Hits 🎉,happy
48lxT5qJF0yYyf2z4wB4xW,Jaxomy,Pedro,73,144562,False,Party Songs 🥳 2010-2026 Hits 🎉,happy
5ibiZslnNy5i1AJLIvqJvW,Coopex,I Need Your Love,50,144400,False,Party Songs 🥳 2010-2026 Hits 🎉,happy
4HTwtT08PGNr6GrikqP9w9,Yeah Yeah Yeahs,Heads Will Roll - A-Trak Remix Radio Edit,0,203920,False,Party Songs 🥳 2010-2026 Hits 🎉,happy
24Yi9hE78yPEbZ4kxyoXAI,SAINt JHN,Roses - Imanbek Remix,74,176840,True,Party Songs 🥳 2010-2026 Hits 🎉,happy
5HuUJKEOVTTPPhtqIoOLvX,Owen Norton,Say It Right,55,140624,False,Party Songs 🥳 2010-2026 Hits 🎉,happy
6ebkx7Q5tTxrCxKq4GYj0Y,Flo Rida,Club Can't Handle Me (feat. David Guetta),82,234560,False,Party Songs 🥳 2010-2026 Hits 🎉,happy
09sJeMPbpAEZhrdrhpCfqY,MITCH DB,We Found Love,55,139741,False,Party Songs 🥳 2010-2026 Hits 🎉,happy
6SEizXg6WimNyK8NdI9biV,Pitbull,Time of Our Lives,53,229358,False,Party Songs 🥳 2010-2026 Hits 🎉,happy
53jnnqFSRGMDB9ADrNriCA,Lady Gaga,Bloody Mary,75,244760,False,Party Songs 🥳 2010-2026 Hits 🎉,happy
3S2R0EVwBSAVMd5UMgKTL0,Michael Jackson,Thriller,70,357266,False,Party Songs 🥳 2010-2026 Hits 🎉,happy
5pmL3RzOy3IvGFaSDi4hZL,Taio Cruz,Hangover,72,244906,True,Party Songs 🥳 2010-2026 Hits 🎉,happy
1c9YgsmFDe51nvNe4uxq9S,Felixx,Beautiful,49,137379,False,Party Songs 🥳 2010-2026 Hits 🎉,happy
0k2GOhqsrxDTAbFFSdNJjT,Sean Paul,Temperature,84,216320,False,Party Songs 🥳 2010-2026 Hits 🎉,happy
69bp2EbF7Q2rqc5N3ylezZ,Justin Bieber,Sorry,3,200786,False,Party Songs 🥳 2010-2026 Hits 🎉,happy
0JpaxFXjZQ9w2sos6mmwPO,Felixx,Whatcha Say,47,132828,False,Party Songs 🥳 2010-2026 Hits 🎉,happy
0ct6r3EGTcMLPtrXHDvVjc,Avicii,The Nights,84,176658,False,Party Songs 🥳 2010-2026 Hits 🎉,happy
4VVu9lqjGZgHBg3a4XBgNZ,MITCH DB,Hello,50,137058,False,Party Songs 🥳 2010-2026 Hits 🎉,happy
3cHyrEgdyYRjgJKSOiOtcS,Pitbull,Timber,84,204134,False,Party Songs 🥳 2010-2026 Hits 🎉,happy
6jJRPepuLWKcySdLittigY,CMC$,Summer Of Love,50,150967,False,Party Songs 🥳 2010-2026 Hits 🎉,happy
6tS3XVuOyu10897O3ae7bi,Katy Perry,California Gurls,75,234653,False,Party Songs 🥳 2010-2026 Hits 🎉,happy
7jYMmMoERkazQziPj9LAqS,MITCH DB,I Kissed A Girl,49,141445,False,Party Songs 🥳 2010-2026 Hits 🎉,happy
1gihuPhrLraKYrJMAEONyc,Calvin Harris,Feel So Close - Radio Edit,85,206413,False,Party Songs 🥳 2010-2026 Hits 🎉,happy
319J2YqAVDmQXpUJGCxDkv,Madism,Like A Prayer,59,183991,False,Party Songs 🥳 2010-2026 Hits 🎉,happy
1dzQoRqT5ucxXVaAhTcT0J,Lady Gaga,Just Dance,83,241933,False,Party Songs 🥳 2010-2026 Hits 🎉,happy
6vQEOP9KgXITsVpFnKSbZ3,Braaheim,Paradise,60,150500,False,Party Songs 🥳 2010-2026 Hits 🎉,happy
6bNB5gxFX6Q87DbQWb8OWZ,Shakira,Waka Waka (This Time for Africa) [The Official 2010 FIFA World Cup (TM) Song] (feat. Freshlyground),70,202626,False,Party Songs 🥳 2010-2026 Hits 🎉,happy
4kTPMugolDNVxnLDGk5tV6,Felixx,Party Rock Anthem,52,155538,True,Party Songs 🥳 2010-2026 Hits 🎉,happy
5ZULALImTm80tzUbYQYM9d,Tones And I,Dance Monkey,67,209438,False,Party Songs 🥳 2010-2026 Hits 🎉,happy
5nujrmhLynf4yMoMtj8AQF,Dua Lipa,Levitating (feat. DaBaby),82,203064,False,Party Songs 🥳 2010-2026 Hits 🎉,happy
3PfIrDoz19wz7qK7tYeu62,Dua Lipa,Don't Start Now,82,183290,False,Party Songs 🥳 2010-2026 Hits 🎉,happy
5fJKruTP0DiAFBDesEBR3C,Braaheim,From Paris to Berlin (Chrit Leaf Remix),51,132712,False,Party Songs 🥳 2010-2026 Hits 🎉,happy
5RzFJd6W40SDTyZkX6xx45,Pitbull,I Know You Want Me (Calle Ocho),79,237120,False,Party Songs 🥳 2010-2026 Hits 🎉,happy
7vu6ybPQYHIKfrqg73ZI2d,Albi,Sitting Down Here (feat. Lilly Ahlberg),64,158284,False,Party Songs 🥳 2010-2026 Hits 🎉,happy
1aaCRoyMFr6FL2RH4vtEGW,MITCH DB,Hot N Cold,43,135000,True,Party Songs 🥳 2010-2026 Hits 🎉,happy
0b18g3G5spr4ZCkz7Y6Q0Q,Majestic,Rasputin,79,186209,False,Party Songs 🥳 2010-2026 Hits 🎉,happy
6egvKtS4FL8FNEyBMUu2Yn,MITCH DB,No Diggity,51,137213,False,Party Songs 🥳 2010-2026 Hits 🎉,happy
6cx06DFPPHchuUAcTxznu9,Joel Corry,Head & Heart (feat. MNEK),73,166028,False,Party Songs 🥳 2010-2026 Hits 🎉,happy
1DUpt1ClyNZj3EbBjFtgCD,Kaskade,DNCR,55,187434,False,Party Songs 🥳 2010-2026 Hits 🎉,happy
6Qr4ufjYXdEd0KNFd7sJxx,Jaden Bojsen,Let's Go,73,159577,True,Party Songs 🥳 2010-2026 Hits 🎉,happy
0dZuSYijwX1tdzMVpH4kF0,Tinie Tempah,Energy,55,192745,True,Party Songs 🥳 2010-2026 Hits 🎉,happy
4DMPn1rEujpIJIvjy9HKV8,will.i.am,Scream & Shout,1,283400,True,Party Songs 🥳 2010-2026 Hits 🎉,happy
03POoLKttzwxvDBiMcLuRh,Felixx,Under Control,45,167323,False,Party Songs 🥳 2010-2026 Hits 🎉,happy
331l3xABO0HMr1Kkyh2LZq,David Guetta,I Don't Wanna Wait,81,149667,False,Party Songs 🥳 2010-2026 Hits 🎉,happy
0nS2xf6yooLnSAthClLCDi,TWOPILOTS,If You Had My Love (Kav Verhouzer Remix),55,158536,False,Party Songs 🥳 2010-2026 Hits 🎉,happy
2V1YCJiYHpv7MfsU5fvvYf,Cascada,Evacuate The Dancefloor,0,205884,False,Party Songs 🥳 2010-2026 Hits 🎉,happy
1mQxJicYPaZDzV4lHWqvSg,Felixx,Kids,46,120400,False,Party Songs 🥳 2010-2026 Hits 🎉,happy
6YUTL4dYpB9xZO5qExPf05,Calvin Harris,Summer,84,222533,False,Party Songs 🥳 2010-2026 Hits 🎉,happy
4mv20rLhudA059fmcGWkQJ,Owen Norton,Be My Lover,53,150476,False,Party Songs 🥳 2010-2026 Hits 🎉,happy
0O45fw2L5vsWpdsOdXwNAR,Justin Timberlake,SexyBack (feat. Timbaland),85,242733,True,Party Songs 🥳 2010-2026 Hits 🎉,happy
5IVuqXILoxVWvWEPm82Jxr,Beyoncé,Crazy In Love (feat. JAY-Z),79,236133,False,Party Songs 🥳 2010-2026 Hits 🎉,happy
5R9a4t5t5O0IsznsrKPVro,Beyoncé,Single Ladies (Put a Ring on It),67,193213,False,Party Songs 🥳 2010-2026 Hits 🎉,happy
3AYcyxEACnmE6d96RPubID,Macklemore & Ryan Lewis,Thrift Shop (feat. Wanz),2,235613,True,Party Songs 🥳 2010-2026 Hits 🎉,happy
2GxrNKugF82CnoRFbQfzPf,Artemas,i like the way you kiss me,80,142514,False,Party Songs 🥳 2010-2026 Hits 🎉,happy
4OFFMqkbzwkTJUJGtBBZL1,MITCH DB,Sexy Chick,51,132000,False,Party Songs 🥳 2010-2026 Hits 🎉,happy
3DBMMpm0BbF3KLseErUMoI,Felixx,Memories,50,131142,True,Party Songs 🥳 2010-2026 Hits 🎉,happy
67awxiNHNyjMXhVgsHuIrs,DJ Snake,Turn Down for What,71,213733,False,Party Songs 🥳 2010-2026 Hits 🎉,happy
4VneyuLIoxNICkq70PZyLD,ARIA,Bleu Chanel - NA-NO Remix,39,163355,True,Party Songs 🥳 2010-2026 Hits 🎉,happy
0WVpOA5QIf4HbRDyZVRsMG,Cascada,Every time we touch,0,197124,False,Party Songs 🥳 2010-2026 Hits 🎉,happy
5ypOlpw8hrnXzLSqeGCPeD,Level 8,She Doesn't Mind - Hypertechno Edit,45,128062,False,Party Songs 🥳 2010-2026 Hits 🎉,happy
6qn9YLKt13AGvpq9jfO8py,Rihanna,We Found Love,84,215226,False,Party Songs 🥳 2010-2026 Hits 🎉,happy
2JCj4vHQ6oidlSPo3ZwFZv,Boostereo,Milkshake,54,147580,False,Party Songs 🥳 2010-2026 Hits 🎉,happy
5jrdCoLpJSvHHorevXBATy,Katy Perry,Dark Horse,74,215672,False,Party Songs 🥳 2010-2026 Hits 🎉,happy
4L3sku3mPh6uWGNA63VCgu,The Killers,Mr. Brightside,1,222106,False,Party Songs 🥳 2010-2026 Hits 🎉,happy
3E7dfMvvCLUddWissuqMwr,Miley Cyrus,Party In The U.S.A.,82,202066,False,Party Songs 🥳 2010-2026 Hits 🎉,happy
1QnvpPFP4Q3FHbDchqWiWy,B.o.B,Airplanes (feat. Hayley Williams of Paramore),61,180480,True,Party Songs 🥳 2010-2026 Hits 🎉,happy
2L7rZWg9RLxIwnysmxm4xk,Justin Bieber,Boyfriend,62,171333,False,Party Songs 🥳 2010-2026 Hits 🎉,happy
5rb9QrpfcKFHM1EUbSIurX,USHER,Yeah! (feat. Lil Jon & Ludacris),86,250373,False,Party Songs 🥳 2010-2026 Hits 🎉,happy
5tXyNhNcsnn7HbcABntOSf,USHER,DJ Got Us Fallin' In Love (feat. Pitbull),1,222160,False,Party Songs 🥳 2010-2026 Hits 🎉,happy
6GDJDe3I7yHq4rPDTfuJMj,Braaheim,Rhythm Is A Dancer,59,147227,False,Party Songs 🥳 2010-2026 Hits 🎉,happy
5pDUMdIiW0rNLzFryqpC9j,Rihanna,Diamonds,58,225146,False,Party Songs 🥳 2010-2026 Hits 🎉,happy
5bdIYjZy0ea7UtdDA2t4U7,Braaheim,Save Tonight,50,148197,False,Party Songs 🥳 2010-2026 Hits 🎉,happy
4zN21mbAuaD0WqtmaTZZeP,James Hype,Ferrari,76,186661,False,Party Songs 🥳 2010-2026 Hits 🎉,happy
6xWjM20FtXnoc3cL3st4kC,Fish56Octagon,PM to AM,44,187562,False,Party Songs 🥳 2010-2026 Hits 🎉,happy
6Rb0ptOEjBjPPQUlQtQGbL,Pitbull,Hotel Room Service,80,237640,False,Party Songs 🥳 2010-2026 Hits 🎉,happy
4E5P1XyAFtrjpiIxkydly4,Iyaz,Replay,83,182306,False,Party Songs 🥳 2010-2026 Hits 🎉,happy
5HQVUIKwCEXpe7JIHyY734,Snoop Dogg,"Young, Wild & Free (feat. Bruno Mars)",75,207333,True,Party Songs 🥳 2010-2026 Hits 🎉,happy
67D9O4Oau629qirRXtTWCS,Sean Kingston,Beautiful Girls,67,241933,False,Party Songs 🥳 2010-2026 Hits 🎉,happy
4vVTI94F9uJ8lHNDWKv0i2,Sean Kingston,Eenie Meenie,85,201946,False,Party Songs 🥳 2010-2026 Hits 🎉,happy
7LP4Es66zdY7CyjepqmvAg,Jay Sean,Down,3,212106,False,Party Songs 🥳 2010-2026 Hits 🎉,happy
55qBw1900pZKfXJ6Q9A2Lc,Katy Perry,Teenage Dream,63,227760,False,Party Songs 🥳 2010-2026 Hits 🎉,happy
4yOn1TEcfsKHUJCL2h1r8I,Pitbull,Feel This Moment (feat. Christina Aguilera),50,229506,False,Party Songs 🥳 2010-2026 Hits 🎉,happy
5fwSHlTEWpluwOM0Sxnh5k,Farruko,Pepas,78,287120,True,Party Songs 🥳 2010-2026 Hits 🎉,happy
5aIfLbdgkbH7NbQryd1poB,Bellini,Samba de Janeiro,67,168444,False,Party Songs 🥳 2010-2026 Hits 🎉,happy
190jyVPHYjAqEaOGmMzdyk,Justin Bieber,Beauty And A Beat,79,227986,False,Party Songs 🥳 2010-2026 Hits 🎉,happy
62zFEHfAYl5kdHYOivj4BC,Pitbull,International Love (feat. Chris Brown),82,227280,False,Party Songs 🥳 2010-2026 Hits 🎉,happy
4RY96Asd9IefaL3X4LOLZ8,50 Cent,In Da Club,76,193466,True,Party Songs 🥳 2010-2026 Hits 🎉,happy
0e7ipj03S05BNilyu5bRzt,Post Malone,rockstar (feat. 21 Savage),82,218146,True,Party Songs 🥳 2010-2026 Hits 🎉,happy
5xYC48nOppVemY6U5GRGTb,David Guetta,Memories (feat. Kid Cudi),65,210853,False,Party Songs 🥳 2010-2026 Hits 🎉,happy
7LJErFRu0hXE35eeAd7kBm,Level 8,"Love It, Hate It",43,124275,False,Party Songs 🥳 2010-2026 Hits 🎉,happy
4GWQPYeEv6ZbL4JBpG4psB,CARSTN,All Or Nothing,48,142874,False,Party Songs 🥳 2010-2026 Hits 🎉,happy
2iuZJX9X9P0GKaE93xcPjk,Maroon 5,Sugar,81,235493,True,Party Songs 🥳 2010-2026 Hits 🎉,happy
3TGRqZ0a2l1LRblBkJoaDx,Carly Rae Jepsen,Call Me Maybe,74,193400,False,Party Songs 🥳 2010-2026 Hits 🎉,happy
7EQGXaVSyEDsCWKmUcfpLk,Kesha,Die Young,79,211920,False,Party Songs 🥳 2010-2026 Hits 🎉,happy
2ZoBfe7JetuNgq2bJnDfP6,LUCØ,I'm Not Angry Anymore,64,112494,False,Party Songs 🥳 2010-2026 Hits 🎉,happy
2ENexcMEMsYk0rVJigVD3i,Rihanna,Only Girl (In The World),87,235493,False,Party Songs 🥳 2010-2026 Hits 🎉,happy
05SBRd4fXgn8FX7bf8BCAE,Calvin Harris,I Need Your Love (feat. Ellie Goulding),77,234506,False,Party Songs 🥳 2010-2026 Hits 🎉,happy
1hRFVIy9As8OVRk8B7CrD5,David Guetta,When Love Takes Over (feat. Kelly Rowland),60,191000,False,Party Songs 🥳 2010-2026 Hits 🎉,happy
0EkO6IEUFlbfxLDoDVieOt,Braaheim,I Wanna Go,46,167861,False,Party Songs 🥳 2010-2026 Hits 🎉,happy
3DmW6y7wTEYHJZlLo1r6XJ,Becky G,Shower,79,206166,False,Party Songs 🥳 2010-2026 Hits 🎉,happy
4xdBrk0nFZaP54vvZj0yx7,Chappell Roan,HOT TO GO!,76,184841,False,Party Songs 🥳 2010-2026 Hits 🎉,happy
3GpbwCm3YxiWDvy29Uo3vP,Flo Rida,Right Round,83,204640,False,Party Songs 🥳 2010-2026 Hits 🎉,happy
0ZmLjkpWlejhp6rhg6zA7B,Selena Faider,King Of My Castle,43,207533,False,Party Songs 🥳 2010-2026 Hits 🎉,happy
2QtxlzvSBONjs1bDC34ixs,Chris Brown,Yeah 3x,68,241666,True,Party Songs 🥳 2010-2026 Hits 🎉,happy
2yAVzRiEQooPEJ9SYx11L3,Eiffel 65,Blue (Da Ba Dee) - Gabry Ponte Ice Pop Radio,7,283747,False,Party Songs 🥳 2010-2026 Hits 🎉,happy
4dq7XLDmFHNwc1yqL339qT,Anthony Keyrouz,Wake Me Up In Paris,61,136946,False,Party Songs 🥳 2010-2026 Hits 🎉,happy
0E9ZjEAyAwOXZ7wJC0PD33,Dynoro,In My Mind,77,184560,False,Party Songs 🥳 2010-2026 Hits 🎉,happy
4iokj4zfRh1xSUskfIxelx,MISERO,Deja Vu,39,126774,False,Party Songs 🥳 2010-2026 Hits 🎉,happy
6f3Slt0GbA2bPZlz0aIFXN,Tiësto,The Business,74,164000,False,Party Songs 🥳 2010-2026 Hits 🎉,happy
3iw6V4LH7yPj1ESORX9RIN,Nathan Evans,Wellerman - Sea Shanty / 220 KID x Billen Ted Remix,64,116750,False,Party Songs 🥳 2010-2026 Hits 🎉,happy
0L9UrfPQqW49ZU0sDNAs47,Braaheim,Levan Polkka,52,133727,False,Party Songs 🥳 2010-2026 Hits 🎉,happy
2prnn41CblB8B4yWACDljP,Shouse,Love Tonight (David Guetta Remix Edit),75,158095,False,Party Songs 🥳 2010-2026 Hits 🎉,happy
2aQpISWUBToaF84DDiTeRV,Hypaton,Be My Lover (feat. La Bouche) - 2023 Mix,73,169523,False,Party Songs 🥳 2010-2026 Hits 🎉,happy
3H7ihDc1dqLriiWXwsc2po,Topic,Breaking Me,72,166793,False,Party Songs 🥳 2010-2026 Hits 🎉,happy
2Y7mPbyhhZucNtI6Vrt0vZ,DE SOFFER,Rapture,49,224758,False,Party Songs 🥳 2010-2026 Hits 🎉,happy
20on25jryn53hWghthWWW3,ACRAZE,Do It To It,26,157890,False,Party Songs 🥳 2010-2026 Hits 🎉,happy
5UqCQaDshqbIk3pkhy4Pjg,Avicii,Levels - Radio Edit,80,199906,False,Party Songs 🥳 2010-2026 Hits 🎉,happy
4lHacAc1D1roQi1tMvC8Na,Braaheim,Think About The Way,49,150736,False,Party Songs 🥳 2010-2026 Hits 🎉,happy
5YqEzk3C5c3UZ1D5fJUlXA,Nicky Youre,Sunroof,79,163025,False,Feel Good Songs 💛 Happy Vibes only 🌞 ,happy
2qSkIjg1o9h3YT9RAgYN75,Sabrina Carpenter,Espresso,84,175459,True,Feel Good Songs 💛 Happy Vibes only 🌞 ,happy
3U5JVgI2x4rDyHGObzJfNf,Natasha Bedingfield,Unwritten,85,259333,False,Feel Good Songs 💛 Happy Vibes only 🌞 ,happy
0WbMK4wrZ1wFSty9F7FCgu,Chappell Roan,"Good Luck, Babe!",89,218423,False,Feel Good Songs 💛 Happy Vibes only 🌞 ,happy
60nZcImufyMA1MKQY3dcCH,Pharrell Williams,"Happy - From ""Despicable Me 2""",81,233306,False,Feel Good Songs 💛 Happy Vibes only 🌞 ,happy
3G7tRC24Uh09Hmp1KZ7LQ2,The Monkees,I'm a Believer - 2006 Remaster,72,167373,False,Feel Good Songs 💛 Happy Vibes only 🌞 ,happy
3S0OXQeoh0w6AY8WQVckRW,Jason Mraz,I'm Yours,81,242946,False,Feel Good Songs 💛 Happy Vibes only 🌞 ,happy
4HlFJV71xXKIGcU3kRyttv,Train,"Hey, Soul Sister",81,216773,False,Feel Good Songs 💛 Happy Vibes only 🌞 ,happy
6dGnYIeXmHdcikdzNNDMm2,The Beatles,Here Comes The Sun - Remastered 2009,83,185733,False,Feel Good Songs 💛 Happy Vibes only 🌞 ,happy
0QBzMgT7NIeoCYy3sJCof1,Camila Cabello,Bam Bam (feat. Ed Sheeran),71,205604,False,Feel Good Songs 💛 Happy Vibes only 🌞 ,happy
5fZJQrFKWQLb7FpJXZ1g7K,Shaboozey,A Bar Song (Tipsy),80,171291,True,Feel Good Songs 💛 Happy Vibes only 🌞 ,happy
5G2f63n7IPVPPjfNIGih7Q,Sabrina Carpenter,Taste,86,157279,False,Feel Good Songs 💛 Happy Vibes only 🌞 ,happy
5QDLhrAOJJdNAmCTJ8xMyW,BTS,Dynamite,82,199053,False,Feel Good Songs 💛 Happy Vibes only 🌞 ,happy
5bcTCxgc7xVfSaMV3RuVke,Calvin Harris,"Feels (feat. Pharrell Williams, Katy Perry & Big Sean)",79,223413,True,Feel Good Songs 💛 Happy Vibes only 🌞 ,happy
3Fcfwhm8oRrBvBZ8KGhtea,Coldplay,Viva La Vida,73,242373,False,Feel Good Songs 💛 Happy Vibes only 🌞 ,happy
6N26C3tVDH3PKG0IrCIMSk,Post Malone,I Had Some Help (Feat. Morgan Wallen),60,178205,False,Feel Good Songs 💛 Happy Vibes only 🌞 ,happy
0mYXRQpTGjaLJt1l9MY4ps,Olivia Dean,Man I Need,80,184000,False,Feel Good Songs 💛 Happy Vibes only 🌞 ,happy
2Zo1PcszsT9WQ0ANntJbID,Sabrina Carpenter,Feather,82,185552,True,Feel Good Songs 💛 Happy Vibes only 🌞 ,happy
0JWSMYurMhPmlD5H8VRoTn,TWOPILOTS,If You Had My Love,60,174210,False,Feel Good Songs 💛 Happy Vibes only 🌞 ,happy
5Z0UnEtpLDQyYlWwgi8m9C,Hozier,Too Sweet,7,251424,False,Feel Good Songs 💛 Happy Vibes only 🌞 ,happy
5jE48hhRu8E6zBDPRSkEq7,Meghan Trainor,All About That Bass,69,191488,True,Feel Good Songs 💛 Happy Vibes only 🌞 ,happy
0Zlxs92p1dsFfnPfrYS1sn,TWOPILOTS,Come Softly To Me,57,143040,False,Feel Good Songs 💛 Happy Vibes only 🌞 ,happy
62bOmKYxYg7dhrC6gH9vFn,*NSYNC,Bye Bye Bye,79,200400,False,Feel Good Songs 💛 Happy Vibes only 🌞 ,happy
4h9wh7iOZ0GGn8QVp4RAOB,OneRepublic,I Ain't Worried,81,148485,False,Feel Good Songs 💛 Happy Vibes only 🌞 ,happy
2zEYMHMpyd7Usmyk9uP41H,Kinny,Why Me,35,207400,False,Feel Good Songs 💛 Happy Vibes only 🌞 ,happy
6lz3paLBWPjHIe0apbqKYS,Mitchy & André,Nothing But Sunshine,51,158734,False,Feel Good Songs 💛 Happy Vibes only 🌞 ,happy
3Fzlg5r1IjhLk2qRw667od,Toploader,Dancing in the Moonlight,78,232693,False,Feel Good Songs 💛 Happy Vibes only 🌞 ,happy
6yv0ZjBlZy2oRFq7jAis2C,TWOPILOTS,Riptide,68,154731,False,Feel Good Songs 💛 Happy Vibes only 🌞 ,happy
5A5bLKdL5I3k3FTEQlAUw7,SUPER-Hi,Following the Sun,73,205000,False,Feel Good Songs 💛 Happy Vibes only 🌞 ,happy
1mgUDuwZU1tXbnWKKALx6m,Marc Benjamin,Thinking About Us,45,173500,False,Feel Good Songs 💛 Happy Vibes only 🌞 ,happy
3siwsiaEoU4Kuuc9WKMUy5,The Marías,No One Noticed,90,236906,False,Feel Good Songs 💛 Happy Vibes only 🌞 ,happy
4Dvkj6JhhA12EX05fT7y2e,Harry Styles,As It Was,90,167303,False,Feel Good Songs 💛 Happy Vibes only 🌞 ,happy
512iecd31PGQh95Efy9ina,Owen Norton,On Again,44,114461,False,Feel Good Songs 💛 Happy Vibes only 🌞 ,happy
6f5ExP43esnvdKPddwKXJH,NEIKED,Better Days (NEIKED x Mae Muller x Polo G),69,160656,False,Feel Good Songs 💛 Happy Vibes only 🌞 ,happy
5HFQ0dzM1pjywXkWvfyzKV,The Archer,Never Hurt Me,35,150000,False,Feel Good Songs 💛 Happy Vibes only 🌞 ,happy
5VVRlaUFM3kW1upNwzIACh,Foínix,Do It Right,50,166153,False,Feel Good Songs 💛 Happy Vibes only 🌞 ,happy
5FZ3F8RDenKwUHvAfcdGjS,TWOPILOTS,Strangers,57,162015,False,Feel Good Songs 💛 Happy Vibes only 🌞 ,happy
2uqYupMHANxnwgeiXTZXzd,Dasha,Austin (Boots Stop Workin'),81,171782,True,Feel Good Songs 💛 Happy Vibes only 🌞 ,happy
7kGiOCt0ykF3HNGlRcNdkW,TWOPILOTS,Can't Help Falling In Love With You,65,163728,False,Feel Good Songs 💛 Happy Vibes only 🌞 ,happy
3Dv1eDb0MEgF93GpLXlucZ,Doja Cat,Say So,77,237894,True,Feel Good Songs 💛 Happy Vibes only 🌞 ,happy
6eKxQoGNNxvHy8R2W0Pmlg,TWOPILOTS,Waiting For Tonight,61,153232,False,Feel Good Songs 💛 Happy Vibes only 🌞 ,happy
2tnVG71enUj33Ic2nFN6kZ,Regard,Ride It,75,157605,False,Feel Good Songs 💛 Happy Vibes only 🌞 ,happy
7FvNDS4H2wSCpgyAgd71iW,TWOPILOTS,Get It On Tonite,58,154396,False,Feel Good Songs 💛 Happy Vibes only 🌞 ,happy
0QHEIqNKsMoOY5urbzN48u,Meghan Trainor,Made You Look,73,134256,False,Feel Good Songs 💛 Happy Vibes only 🌞 ,happy
1sxy07nZ8K16IUI3neA8WI,TWOPILOTS,Diamonds,58,176854,False,Feel Good Songs 💛 Happy Vibes only 🌞 ,happy
7tI8dRuH2Yc6RuoTjxo4dU,Jimin,Who,85,170887,False,Feel Good Songs 💛 Happy Vibes only 🌞 ,happy
7u8NZWQCATJSAKLMAPyEEw,TWOPILOTS,Where Is My Mind?,55,154076,False,Feel Good Songs 💛 Happy Vibes only 🌞 ,happy
1Mys1gf9SkMBAVGGxpkJ7d,Lost Frequencies,Reality,77,159480,False,Feel Good Songs 💛 Happy Vibes only 🌞 ,happy
7wcYFeOxzA2xrgEQbDY3hh,Goldaine,Another Love,50,133548,False,Feel Good Songs 💛 Happy Vibes only 🌞 ,happy
1BJJbSX6muJVF2AK7uH1x4,Adam Port,Move,81,177598,False,Feel Good Songs 💛 Happy Vibes only 🌞 ,happy
3qaSnGY24LyfpXmiETD7MQ,Goldaine,Summertime Sadness,53,165517,False,Feel Good Songs 💛 Happy Vibes only 🌞 ,happy
0LMwmV37RCmBO2so0szAFs,Kygo,Whatever,74,178273,False,Feel Good Songs 💛 Happy Vibes only 🌞 ,happy
7yH9SbrDQfNIh89ACCR7Ib,TWOPILOTS,King,63,210000,False,Feel Good Songs 💛 Happy Vibes only 🌞 ,happy
6WrI0LAC5M1Rw2MnX2ZvEg,Dua Lipa,Don't Start Now,73,183290,False,Feel Good Songs 💛 Happy Vibes only 🌞 ,happy
49Qmjs7GYOybza7EZkmrBq,TWOPILOTS,By My Side,57,181000,False,Feel Good Songs 💛 Happy Vibes only 🌞 ,happy
7DSAEUvxU8FajXtRloy8M0,Miley Cyrus,Flowers,86,200600,False,Feel Good Songs 💛 Happy Vibes only 🌞 ,happy
3aGC2lWoDRdfT5Wd8Nmmbk,TWOPILOTS,Ophelia,55,164733,False,Feel Good Songs 💛 Happy Vibes only 🌞 ,happy
6b8Be6ljOzmkOmFslEb23P,Bruno Mars,24K Magic,85,225983,False,Feel Good Songs 💛 Happy Vibes only 🌞 ,happy
26rzDHp6iMMnCRt04OPEcB,Hot Chelle Rae,Good Vibes Only,35,164221,False,Feel Good Songs 💛 Happy Vibes only 🌞 ,happy
4C6Uex2ILwJi9sZXRdmqXp,Nicki Minaj,Super Freaky Girl,66,170977,True,Feel Good Songs 💛 Happy Vibes only 🌞 ,happy
5uQ7de4EWjb3rkcFxyEOpu,Mark Ambor,Belong Together,75,148317,False,Feel Good Songs 💛 Happy Vibes only 🌞 ,happy
6SAnmQd5fhGoObOvW3riyJ,Mitchy & André,Feels Like a Sunday,35,139404,False,Feel Good Songs 💛 Happy Vibes only 🌞 ,happy
0O6u0VJ46W86TxN9wgyqDj,Post Malone,I Like You (A Happier Song) (with Doja Cat),75,192840,True,Feel Good Songs 💛 Happy Vibes only 🌞 ,happy
25PTeiRupSp1zasnsNfJxU,Navagio,Shape Of You,37,157647,False,Feel Good Songs 💛 Happy Vibes only 🌞 ,happy
6c9SmUfwftGeJco0vfcrO5,TWOPILOTS,Paper Aeroplane,0,188250,False,Feel Good Songs 💛 Happy Vibes only 🌞 ,happy
6SKwQghsR8AISlxhcwyA9R,Bruno Mars,Marry You,82,230192,False,Feel Good Songs 💛 Happy Vibes only 🌞 ,happy
5HCyWlXZPP0y6Gqq8TgA20,The Kid LAROI,STAY (with Justin Bieber),80,141805,True,Feel Good Songs 💛 Happy Vibes only 🌞 ,happy
63FAojGBzelKQtAGwPoDf4,Mark Mendy,What U Want,53,142608,False,Feel Good Songs 💛 Happy Vibes only 🌞 ,happy
45S5WTQEGOB1VHr1Q4FuPl,Harry Styles,Golden,77,208917,False,Feel Good Songs 💛 Happy Vibes only 🌞 ,happy
4SsGIJeMUtEB3MvxI4F0My,Goldaine,Symphony,49,150288,False,Feel Good Songs 💛 Happy Vibes only 🌞 ,happy
1BxfuPKGuaTgP7aM0Bbdwr,Taylor Swift,Cruel Summer,88,178426,False,Feel Good Songs 💛 Happy Vibes only 🌞 ,happy
22osXJRbQPku3LT1Q51lFp,TWOPILOTS,Renegades,57,156666,False,Feel Good Songs 💛 Happy Vibes only 🌞 ,happy
6UelLqGlWMcVH1E5c4H7lY,Harry Styles,Watermelon Sugar,85,173991,False,Feel Good Songs 💛 Happy Vibes only 🌞 ,happy
6zZ1tTvODBejdvzkSOB61E,PARTYSTARTER,Cool,46,149700,False,Feel Good Songs 💛 Happy Vibes only 🌞 ,happy
5r43qanLhUCdBj8HN3fa6B,OneRepublic,Sunshine,70,163854,False,Feel Good Songs 💛 Happy Vibes only 🌞 ,happy
4Fa9crRcn8kfontN0tpReI,Saco,Never Go,51,177844,False,Feel Good Songs 💛 Happy Vibes only 🌞 ,happy
1kPpge9JDLpcj15qgrPbYX,Owl City,Good Time,77,205933,False,Feel Good Songs 💛 Happy Vibes only 🌞 ,happy
7MIhUdNJtaOnDmC5nBC1fb,Alok,Deep Down (feat. Never Dull),73,165714,False,Feel Good Songs 💛 Happy Vibes only 🌞 ,happy
2bT1PH7Cw3J9p3t7nlXCdh,Shawn Mendes,If I Can't Have You,73,191466,False,Feel Good Songs 💛 Happy Vibes only 🌞 ,happy
6wilqXwhdzCrvz4PlSjU0C,Saco,Easy Things,48,158303,False,Feel Good Songs 💛 Happy Vibes only 🌞 ,happy
5J1hv6booIvMeutURCBoN2,Saco,Fools At First,54,164723,False,Feel Good Songs 💛 Happy Vibes only 🌞 ,happy
7vFoFDWqTX0mHzLfrF1Cfy,OMI,Cheerleader (Felix Jaehn Remix) - Radio Edit,82,180565,False,Feel Good Songs 💛 Happy Vibes only 🌞 ,happy
61AZX2UIt1QJEcQ0Dpv1Bc,TWOPILOTS,No Letting Go,58,166470,False,Feel Good Songs 💛 Happy Vibes only 🌞 ,happy
1xQ6trAsedVPCdbtDAmk0c,Jawsh 685,Savage Love (Laxed - Siren Beat),70,171374,True,Feel Good Songs 💛 Happy Vibes only 🌞 ,happy
75csT5ONP713Fa6VKiUKFZ,SnuggleWound,Back When Time Was Loose,43,157500,False,Feel Good Songs 💛 Happy Vibes only 🌞 ,happy
55lijDD6OAjLFFUHU9tcDm,RAYE,WHERE IS MY HUSBAND!,96,196795,False,Feel Good Songs 💛 Happy Vibes only 🌞 ,happy
2fTsFCKRFQ5M0igJgabnLA,Jessie J,Price Tag,77,223053,False,Feel Good Songs 💛 Happy Vibes only 🌞 ,happy
4GSDkZt7GcmzBWmsMcpaVO,Jubël,Dancing in the Moonlight (feat. NEIMY),71,164009,False,Feel Good Songs 💛 Happy Vibes only 🌞 ,happy
4WqqTwMIpse855RQ34YfLO,Goldaine,Believe,51,148474,False,Feel Good Songs 💛 Happy Vibes only 🌞 ,happy
45hOioMDJktr86iKDHC8gr,Avril Lavigne,Girlfriend,78,216600,True,Feel Good Songs 💛 Happy Vibes only 🌞 ,happy
2ixsaeFioXJmMgkkbd4uj1,George Ezra,Budapest,79,200573,False,Feel Good Songs 💛 Happy Vibes only 🌞 ,happy
3vkQ5DAB1qQMYO4Mr9zJN6,ABBA,Gimme! Gimme! Gimme! (A Man After Midnight),82,292613,False,Feel Good Songs 💛 Happy Vibes only 🌞 ,happy
2tUBqZG2AbRi7Q0BIrVrEj,Whitney Houston,I Wanna Dance with Somebody (Who Loves Me),83,292875,False,Feel Good Songs 💛 Happy Vibes only 🌞 ,happy
2fuYa3Lx06QQJAm0MjztKr,Radiohead,Let Down,88,299560,False,saddest playlist on earth,sad
4Xi6sNIfOXcJAdpqCGpsk6,Cicada VHS,please don't leave me,46,112793,False,saddest playlist on earth,sad
2rtGaCAeYtmcIvuZsvgTf6,Radiohead,How to Disappear Completely,72,356333,False,saddest playlist on earth,sad
6BrMEbPSSj55nQhkgf6DnE,The Smiths,"Please, Please, Please, Let Me Get What I Want - 2011 Remaster",79,112706,False,saddest playlist on earth,sad
3kLJ5hloSfV6FSdc2CJ8EQ,Cicada VHS,we accept the love we think we deserve,50,59961,False,saddest playlist on earth,sad
10nyNJ6zNy2YVYLrcwLccB,Radiohead,No Surprises,86,229120,False,saddest playlist on earth,sad
3q7sEqAkGTXQlABW9mbtuc,Cicada VHS,when i'm gone they'll just find another monster,39,82456,False,saddest playlist on earth,sad
11hEwcy9LMEvzAlOYAFhkK,Adrianne Lenker,"not a lot, just forever",78,250198,False,saddest playlist on earth,sad
4LOi2tqlsot8SqjkGsvbJh,Cicada VHS,when will i be happy,44,127216,False,saddest playlist on earth,sad
5Jn4v0WMK66E5PUuhB6zjN,two legged sheep,"alone, isolated",38,62235,False,saddest playlist on earth,sad
1XTY6rA7XQosc0ynkkE9kN,Tom Odell,Black Friday,72,221510,False,saddest playlist on earth,sad
0tMSssfxAL2oV8Vri0mFHE,Billie Eilish,listen before i go,76,242652,False,saddest playlist on earth,sad
0PY0aQZxroMCBqFyqZUhq9,two legged sheep,"you hate yourself, that's why you hurt others",43,97139,False,saddest playlist on earth,sad
4PwWESSlTwzvw9B7bmtTLS,Adrianne Lenker,anything,79,202047,False,saddest playlist on earth,sad
3cJnZyT1oNzBszYfEZ6jG0,Cicada VHS,"there is so much i wanna say, but i don't know where to start",39,63634,False,saddest playlist on earth,sad
6esu2oWmoJdyVMkbJRwpCJ,Cicada VHS,i just wanna die,38,98735,False,saddest playlist on earth,sad
52SrGQ0vcsf1RwhO6ONk4A,Sufjan Stevens,Fourth of July - Version 4,49,831922,False,saddest playlist on earth,sad
7owUnuBJ3Y6i5me9RSw1SW,two legged sheep,you don't know about real loss,44,125519,False,saddest playlist on earth,sad
6ZLt6fyonW1xOGMBC9vJPJ,dandelion hands,How To Never Stop Being Sad,71,130742,False,saddest playlist on earth,sad
1Zex9hgva9jMficVS2dbJs,Blind Monkey,is there anyone out there,38,84057,False,saddest playlist on earth,sad
4JdYapRlYv67LnjrkDhZVX,Take Care,"Think Of Me Once In A While, Take Care",72,103500,False,saddest playlist on earth,sad
2ot5I9hNTrQeWK1GLzsPAm,two legged sheep,social isolation,41,100221,False,saddest playlist on earth,sad
0z1o5L7HJx562xZSATcIpY,Radiohead,Exit Music (For A Film),80,267186,False,saddest playlist on earth,sad
4YtUJFXpvHrkClP3hCcUTn,two legged sheep,i don't deserve flowers,42,90899,False,saddest playlist on earth,sad
3GYlZ7tbxLOxe6ewMNVTkw,Billie Eilish,TV,83,281380,False,saddest playlist on earth,sad
6AmSsVlEpqbAn1B6aQqppS,Cicada VHS,unconditional love does not exist,41,59807,False,saddest playlist on earth,sad
2MYidPOz5NHAtKUySTzbwx,Big Thief,Paul,59,183894,True,saddest playlist on earth,sad
5ZMd4tLOghSzqezwIwCCr7,Cicada VHS,"life endures, births continue",33,78528,False,saddest playlist on earth,sad
1lb0KfG9EyfSBsEifTUtXY,Alek Olsen,someday i'll get it,75,94750,False,saddest playlist on earth,sad
59lQ6BiSX1SKRcVAaQ3WfU,Cicada VHS,i'm sorry i couldn't keep my promise,43,66500,False,saddest playlist on earth,sad
6CcJMwBtXByIz4zQLzFkKc,Billie Eilish,i love you,82,291796,False,saddest playlist on earth,sad
6Jv7kjGkhY2fT4yuBF3aTz,Jeff Buckley,"Lover, You Should've Come Over",85,404213,False,saddest playlist on earth,sad
5e8ettF2r0Jn5zYNM37TjY,Cicada VHS,be present,32,120567,False,saddest playlist on earth,sad
6ARThxVa3GBCq47DU4ONIJ,Blind Monkey,when will it end,38,60480,False,saddest playlist on earth,sad
6MX8v7cRooNQb5fW5Uo6Sm,Adrianne Lenker,come,71,317455,False,saddest playlist on earth,sad
1jVQyLprDdSjnKVECH7dko,two legged sheep,you should be dead,28,63442,False,saddest playlist on earth,sad
6mSnSuOhgHHohqeBw76jRV,salvia palth,i was all over her,79,161422,False,saddest playlist on earth,sad
2I07Lbee7UvoAdlTAl37AM,Daughter,Medicine,65,258986,False,saddest playlist on earth,sad
21uFPefbgeR3QLVJWATlrr,Phoebe Bridgers,Scott Street,72,305000,True,saddest playlist on earth,sad
5zFV5Fa954zBsHc9iMuBlj,Cicada VHS,there's not a day goes by i don't feel regret,36,67451,False,saddest playlist on earth,sad
4SrRrB27n7fiRkQcPoKfpk,Radiohead,Motion Picture Soundtrack,74,200482,False,saddest playlist on earth,sad
318o2qHddA6xjqklVBwZtr,Sebxstian,We Hug Now / The Cut That Always Bleeds (Medley),39,74168,False,saddest playlist on earth,sad
7LVHVU3tWfcxj5aiPFEW4Q,Coldplay,Fix You,85,295533,False,saddest playlist on earth,sad
013L1ZodWo9Ax2g9LejC9O,Wishing,Goodnight Dad I Love You,60,163992,False,saddest playlist on earth,sad
5OcPJ9yl4s4AIyS1CbbI3p,Cicada VHS,"dear bruce, i need to be honest and clear",39,59975,False,saddest playlist on earth,sad
6UuVONmxXwTKN1ISepuAoQ,Jeff Buckley,Forget Her,73,314693,False,saddest playlist on earth,sad
70LcF31zb1H0PyJoS1Sx1r,Radiohead,Creep,91,238640,True,saddest playlist on earth,sad
4Hb2ry6d5CJtW4V30Y8TE0,two legged sheep,i lost my son,34,122490,False,saddest playlist on earth,sad
1fDFHXcykq4iw8Gg7s5hG9,The 1975,About You,44,326490,False,saddest playlist on earth,sad
7lrhugjSbiImrNSLIFIq0c,Big Thief,Not,65,367093,False,saddest playlist on earth,sad
5dxm44uj44VAIIHvuQrkrK,Cicada VHS,i'm a man not a dog,34,74874,False,saddest playlist on earth,sad
4Rsv5fRmgTH88RLp7xN5sz,alex_g_offline,Break,74,177028,False,saddest playlist on earth,sad
5hExAGXrRkg5V7tsodb0ki,Cicada VHS,miserable,36,79062,False,saddest playlist on earth,sad
6PBanBy8L1K2Ry4UN186XH,Adrianne Lenker,forwards beckon rebound,77,189464,False,saddest playlist on earth,sad
2TW37GtISke3eb6MkCH8br,Current Joys,Become the Warm Jets,70,334901,False,saddest playlist on earth,sad
2gPkcrIq3piZj0ju8QRmgR,two legged sheep,you are the monster,36,79331,False,saddest playlist on earth,sad
6pLGnO6JyJdtp4WlX5ixkI,Take Care,This Feeling Will Pass,67,124687,False,saddest playlist on earth,sad
1Nm515OlEtu1LGuq0BddVT,Cicada VHS,hedgehog dillema,33,96100,False,saddest playlist on earth,sad
5Qv2Nby1xTr9pQyjkrc94J,Radiohead,All I Need,82,228746,False,saddest playlist on earth,sad
6MqqBcouAPF7WxAMCa0NnM,Cicada VHS,are you lonely?,40,81322,False,saddest playlist on earth,sad
0pJW1Xw3aY4Eh6k5iuBkfI,Phoebe Bridgers,I Know The End,76,344692,False,saddest playlist on earth,sad
2Co0IjcLTSHMtodwD4gzfg,Mitski,I Bet on Losing Dogs,80,170240,False,saddest playlist on earth,sad
1csloXYEyc6WSqpFpvDosH,Cicada VHS,are you just... hideously scarred,33,79442,False,saddest playlist on earth,sad
3xXBsjrbG1xQIm1xv1cKOt,Linkin Park,One More Light,77,255066,False,saddest playlist on earth,sad
73CKjW3vsUXRpy3NnX4H7F,Radiohead,Fake Plastic Trees,80,290706,False,saddest playlist on earth,sad
6WKELghfWqeg80FePbNMuk,two legged sheep,what are humans?,35,125206,False,saddest playlist on earth,sad
507OLGtNv3H7iy1G1V6IL5,Cicada VHS,this might be my last day,38,59802,False,saddest playlist on earth,sad
3512x3piBwWSwfq3KM6zO4,Sweet Boy,i still think about you,61,165925,False,saddest playlist on earth,sad
5iukYqSe3RgN6YzxJSzVKE,Cicada VHS,i hate everything and i hate myself the most,38,63096,False,saddest playlist on earth,sad
4SwSpxsOYtnEaRxWtYrnvZ,Big Thief,Vampire Empire,75,192127,False,saddest playlist on earth,sad
7D0RhFcb3CrfPuTJ0obrod,Coldplay,Sparks,90,227093,False,saddest playlist on earth,sad
3liDgMzmchIXTk1ZrNH1vH,two legged sheep,i just wanna be loved,37,60923,False,saddest playlist on earth,sad
6Q5uDNuuFYa8ToL3CCoHPC,Grouper,Poison Tree,74,196893,False,saddest playlist on earth,sad
3Z0qLOS0cqWKPHXkbTXmNF,Cults,Gilded Lily,76,212736,False,saddest playlist on earth,sad
7bgjEW6B0sBkMhZn2aq8zP,Blind Monkey,every day feels the same,32,121557,False,saddest playlist on earth,sad
62SvkbQm1wMS6KZtbtls1V,Radiohead,True Love Waits - Live in Oslo,59,304920,False,saddest playlist on earth,sad
3oEkrIfXfSh9zGnE7eBzSV,ABBA,The Winner Takes It All,86,294720,False,saddest playlist on earth,sad
5E4jBLx4P0UBji68bBThSw,Tom Odell,Another Love,66,244360,True,saddest playlist on earth,sad
3JOVTQ5h8HGFnDdp4VT3MP,Gary Jules,Mad World,68,189506,False,saddest playlist on earth,sad
4jPosXVVKsRHar9z0xrEdW,Cicada VHS,nobody understands me,35,87884,False,saddest playlist on earth,sad
6TvxPS4fj4LUdjw2es4g21,ABBA,Slipping Through My Fingers,77,233720,False,saddest playlist on earth,sad
4wEuNvb7oG8oZYrZPZ9rPr,Duster,Me and the Birds,67,95226,False,saddest playlist on earth,sad
4ZgCMb7WGmqGxL7XpkYTx1,sign crushes motorist,Manifesto,59,172937,False,saddest playlist on earth,sad
3joxjtEHtBVTqBnoqAQN2c,Cicada VHS,you should have been the one that was killed,35,61024,False,saddest playlist on earth,sad
0nO25NiPrKX64oy7lz5ZaJ,Flatsound,I Exist I Exist I Exist,68,314500,False,saddest playlist on earth,sad
3QaPy1KgI7nu9FJEQUgn6h,Billie Eilish,WILDFLOWER,92,261466,False,saddest playlist on earth,sad
1PNF8TGeKgU0SbW3guKg0f,sign crushes motorist,loser monologue,66,176250,True,saddest playlist on earth,sad
61cvU0Td923G5kqzhHMtx4,Cicada VHS,introversion,36,60211,False,saddest playlist on earth,sad
4v7anSFas32S5XVSRKWBwW,Blind Monkey,why do i feel so empty,34,126509,False,saddest playlist on earth,sad
0QZCqi8dp3bk5eCxd0Vtpv,Cicada VHS,pain demands to be felt,37,83250,False,saddest playlist on earth,sad
5Mu5BFHb4vFS5cw0hbDICV,i don't like mirrors,i miss your warm hands,72,131730,False,saddest playlist on earth,sad
0iNZGC211wst3VjtobNnC5,Conan Gray,Family Line,75,216094,False,saddest playlist on earth,sad
00RLNHc2jkEjUoCUlFgPVT,"Dream, Ivory",welcome and goodbye,80,140643,False,saddest playlist on earth,sad
7cEUiQ4Wc2JpU9tkzrYqfv,sundots,small,26,98142,False,saddest playlist on earth,sad
34dkZZNQJzEJRqPkywYmEY,Have A Nice Life,A Quick One Before the Eternal Worm Devours Connecticut,64,472695,False,saddest playlist on earth,sad
3tbGXGG4gPdEIXHwI6zMmW,Cicada VHS,"get up you waste of space, human garbage",38,78850,False,saddest playlist on earth,sad
3kQfBtkQqgN1fAMfhks8TU,Pinegrove,Need 2,17,191796,False,saddest playlist on earth,sad
2VUBNNmfRoz3GgdI9oU8NT,Cicada VHS,i can't forgive,33,103298,False,saddest playlist on earth,sad
17YNmMy03QLPirmBzWxFa6,salvia palth,(dream),76,84701,False,saddest playlist on earth,sad
3xLmD0FSmapkh5bY6RAQgC,two legged sheep,i have no purpose,27,121240,False,saddest playlist on earth,sad
7ew0k5ai5E0TkUnjdu7sm6,Duster,Stars Will Fall,50,118160,False,saddest playlist on earth,sad
3MmRfG64qt04Efx9gK9Ec8,Slowdive,Dagger,68,218253,False,saddest playlist on earth,sad
1Fi5bmzKxUfaqaQs3KREBN,Blind Monkey,climbing the mountain forever,34,120019,False,saddest playlist on earth,sad
1i8dJGpKO0xQiKGCVslJqB,Adrianne Lenker,half return,73,128700,False,saddest playlist on earth,sad
3Mmt4wAMtWRmObAxbejpPe,Lontalius,Sleep Thru Ur Alarms,62,112863,False,saddest playlist on earth,sad
0H15iF8CJDsrHp5Krqiy7M,Cicada VHS,kimochi warui,32,61600,False,saddest playlist on earth,sad
3k9YxSVB0gosEbSnM0oD43,i don't like mirrors,repressed,58,91000,False,saddest playlist on earth,sad
0uQZGZQ26xvdPLISeXWPN4,two legged sheep,most people wouldn't understand,35,61802,False,saddest playlist on earth,sad
44A0o4jA8F2ZF03Zacwlwx,Patrick Watson,Je te laisserai des mots,83,160853,False,saddest playlist on earth,sad
2zBr1hUvQXP79GHS8EkWp5,Sweet Boy,this house is not the same,64,220471,False,saddest playlist on earth,sad
21yXrvRRuP7Z31ndJ06Ko0,Cicada VHS,you made me happy,32,84076,False,saddest playlist on earth,sad
4RVwu0g32PAqgUiJoXsdF8,Billie Eilish,Happier Than Ever,84,298899,True,saddest playlist on earth,sad
0oxYB9GoOIDrdzniNdKC44,Slowdive,When the Sun Hits,78,285906,False,saddest playlist on earth,sad
46OdHshHXLGqrZsvErVYd4,Cicada VHS,this is my destiny,35,86495,False,saddest playlist on earth,sad
5fVZC9GiM4e8vu99W0Xf6J,The Fray,How to Save a Life,84,262533,False,saddest playlist on earth,sad
3oBNQdDbNrs8wQbcZ3BXwP,Big Thief,Velvet Ring - 2023 Remaster,76,155938,False,saddest playlist on earth,sad
0jV8wR9xqP0bAba9Pt5Fij,two legged sheep,"if i asked you to name everything you love, how long would it take before you named yourself",36,75524,False,saddest playlist on earth,sad
75JFxkI2RXiU7L9VXzMkle,Coldplay,The Scientist,88,309600,False,saddest playlist on earth,sad
7LZgdL0MxiElfaKZbuuE4l,The Smiths,Asleep - 2011 Remaster,66,253560,False,saddest playlist on earth,sad
2JuasWPUodaUxf5nwNpciQ,Alice In Chains,Nutshell,80,259200,False,saddest playlist on earth,sad
5P3yUXUC9rZPJPNmYGKEAz,Twenty One Pilots,Goner,61,236733,False,saddest playlist on earth,sad
5Pq2jTDcGGGmV0Y7NZfNti,two legged sheep,i have no reason left to live,33,61278,False,saddest playlist on earth,sad
50vTXRm8DgeuSeFKggVXnG,Tom Odell,Ugly,49,270866,True,saddest playlist on earth,sad
39TdHRr7u6a9J1BOplts6r,Cicada VHS,but none of them was her,34,77774,False,saddest playlist on earth,sad
1e0vsza0hIVYv9Mkz542qn,Gigi Perez,Fable,71,261005,False,saddest playlist on earth,sad
3m1cSFdXX6ORr4OBB6722V,Modern Baseball,Re-Do,56,198791,False,saddest playlist on earth,sad
6l12D5w1XaRzykBtkCXMwN,Cicada VHS,i have these good days,31,65182,False,saddest playlist on earth,sad
5zlxkhxG7ICPmq8x3GSPy8,Samia,Pool - Stripped,68,243014,True,saddest playlist on earth,sad
4PXYVBdfBTum4Iri2uRDFm,Cicada VHS,i am you,32,63379,False,saddest playlist on earth,sad
4iUqq3ge3oGsYiPPor64Wh,Alex G,Advice,64,157973,False,saddest playlist on earth,sad
5Oy8oJVHHJy4LmmeAPT1eR,two legged sheep,finally free,26,85418,False,saddest playlist on earth,sad
4xF4ZBGPZKxECeDFrqSAG4,Øneheart,snowfall,83,124065,False,Music to study📚 🎧,focus
6wf7Yu7cxBSPrRlWeSeK0Q,Billie Eilish,"What Was I Made For? [From The Motion Picture ""Barbie""]",84,222369,False,Music to study📚 🎧,focus
4XAilWzhZM0uyR4vtERfHi,my head is empty,i was only temporary (Slowed + Reverb),64,102160,False,Music to study📚 🎧,focus
37F0uwRSrdzkBiuj0D5UHI,The Weeknd,Reminder,81,218880,True,Music to study📚 🎧,focus
3UiMKBSx4ItxVzOKiR0ZOT,Umbra,Interstellar,57,119117,False,Music to study📚 🎧,focus
7nTrgV4osUk3b5ZKgKEWlu,Video Days,Bleached,64,83250,False,Music to study📚 🎧,focus
1ncqCj26y702H7UIwgPepz,The fin.,Alone in the Sky,37,269720,False,Music to study📚 🎧,focus
3y3FaAhhtmXuQqhsqkD8z9,Analog Trickery,Godfather,55,178326,False,Music to study📚 🎧,focus
59EPbYaZgU4qrQy1OwwhKt,Million Eyes,The Mercy of the Wind,66,105587,False,Music to study📚 🎧,focus
51Grh1RyUDcMBbpuyUIUHI,Liana Flores,rises the moon,81,161929,False,Music to study📚 🎧,focus
7qrBYrivpvfXUPBMmqh3dA,The Deli,5:32pm,0,136914,False,Music to study📚 🎧,focus
0UV5zxRMz6AO4ZwUOZNIKI,Dr. Dog,Where'd All the Time Go?,80,234800,False,Music to study📚 🎧,focus
41zXlQxzTi6cGAjpOXyLYH,Billie Eilish,idontwannabeyouanymore,78,203569,False,Music to study📚 🎧,focus
0sHFw13WH3LtSB3yP8UMYJ,Peachy!,Falling for U,0,124000,False,Music to study📚 🎧,focus
1NZs6n6hl8UuMaX0UC0YTz,Lana Del Rey,Brooklyn Baby,84,351640,True,Music to study📚 🎧,focus
3hUxzQpSfdDqwM3ZTFQY0K,Taylor Swift,august,83,261922,False,Music to study📚 🎧,focus
5qGIfWDRdyO67LCTqA2sEn,Yeah Yeah Yeahs,Heads Will Roll - A-Trak Remix Radio Edit,71,203920,False,Music to study📚 🎧,focus
4VVr0jEpKa4MaSTOzMyMFu,The fin.,Towards the Sun,38,326773,False,Music to study📚 🎧,focus
34sGnIHB3ZthMvHpNX1i7e,Kid Cudi,Day 'N' Nite - Crookers Remix,66,281746,True,Music to study📚 🎧,focus
6Skaff5sYdMaqq7p3Cx2Zm,Bingo Players,Rattle - Original Mix,33,287183,False,Music to study📚 🎧,focus
0w5ymU3obTE6hVDfMHJDDL,Maksym Rzemiński,"Bella's Lullaby (From ""Twilight"")",1,128813,False,Music to study📚 🎧,focus
6IBZP4cjxLhiMbtLkFcBCO,Bon Iver,Rosyln,52,289560,False,Music to study📚 🎧,focus
33riuTg9aVoiRhHTqm2Qq8,Michael Giacchino,The Ellie Badge,55,90346,False,Music to study📚 🎧,focus
31uN5FqfJYubT9t7vqZRiE,Michael Giacchino,Free Skating,48,59293,False,Music to study📚 🎧,focus
0rKWJnmo6Q0ovoPOLoLm0t,The Kid LAROI,TOO MUCH,65,203894,True,Music to study📚 🎧,focus
0O1AfyqZqk2dNJ7mvum3Y9,Mesa & Boss,Deeper,25,192380,False,Music to study📚 🎧,focus
2hMmh9DiAcBjSw59vmYkTo,Carlos Rafael Rivera,Beth's Story,52,127615,False,Music to study📚 🎧,focus
1ujxjsoNvh4XgS2fUNwkZ2,Beach House,Space Song,74,320466,False,Music to study📚 🎧,focus
4IlV8UwjXuWivewY7sfwQd,Alex Whorms,PARANOID!,33,186549,True,Music to study📚 🎧,focus
2YYB8BFL7ttfbKih1qFYUs,Addict.,i don't wanna die young,54,150187,False,Music to study📚 🎧,focus
5QjJgPU8AJeickx34f7on6,Avicii,Levels - Radio Edit,3,199903,False,Music to study📚 🎧,focus
4pTkDIlpFNoeWbahu8pVXW,Izzamuzzic,Shootout,65,295308,False,Music to study📚 🎧,focus
6pWgRkpqVfxnj3WuIcJ7WP,Hans Zimmer,Cornfield Chase,77,126959,False,Music to study📚 🎧,focus
5BAXlRDW3YaPr3rfqV51TA,Instupendo,Comfort Chain,0,184363,False,Music to study📚 🎧,focus
6MIouIaP6WqE6o9Uo25gdO,Bonjr,"if it's real, then i'll stay",64,184285,False,Music to study📚 🎧,focus
0qGLGXMadT9717aOqb8NnG,Swik,i just wanna know,50,183400,False,Music to study📚 🎧,focus
5gyAm7BgB0d0I4RPK1zcn2,Sean Finn,Infinity 2018 - Klaas Remix Edit,47,195280,False,Music to study📚 🎧,focus
2CHU4jx0WDXqgid08iZOB6,Jordan Critz,Starry Night,57,298320,False,Music to study📚 🎧,focus
1YwsrW8ZgYzyYZ2Bt7puXP,Addict.,"chasing you everywhere, everyday",53,145968,False,Music to study📚 🎧,focus
19eIZmuXlBmLTha1lPHef7,Dubdogz,Alors On Danse (feat. Stromae),69,168576,False,Music to study📚 🎧,focus
3Gk8LgznJiOFlsFFvv7QAp,Darkrose,Love Is Beautifully Painful,0,71941,True,Music to study📚 🎧,focus
07Mde29eZ6MxAErYEwI5eG,ghostlycheeks,Let Go,0,210000,False,Music to study📚 🎧,focus
1r232i80xFiNHzSUmrFc01,Øneheart,this feeling,69,94333,False,Music to study📚 🎧,focus
6WUgqFZhbNRaeBuzG2ahfJ,Øneheart,apathy,71,117073,False,Music to study📚 🎧,focus
1MhgFh4MeZidEY3LkyYRr1,Chelsea Jordan,halfwaythru,62,193627,False,Music to study📚 🎧,focus
1XgPZ92WR4sSsEGFKqn69A,A Samurai In Tokyo,Merry-Go-Round of Life,42,109906,False,Music to study📚 🎧,focus
4eEfckO9ZJlMntQJFEjxq6,pandora.,interstellar.,64,97883,False,Music to study📚 🎧,focus
3dqHiEY4imK4a1EDLRVUtj,Jamie Duffy,Solas,0,192593,False,Music to study📚 🎧,focus
0kZo2kJ2j7Mk6JfoqHBoj8,Hania Rani,G-Minor,34,235563,False,Music to study📚 🎧,focus
2a8FNTijWDiS6HjmBtGLT6,TWO LANES,Silence,57,86250,False,Music to study📚 🎧,focus
28O4PwkH8bzARStxeL4pxL,David Guetta,Sexy Bitch (feat. Akon),1,195853,False,Music to study📚 🎧,focus
12tTSFVQu6G7bMU6OIOXcU,A Samurai In Tokyo,The Beginning,39,61818,False,Music to study📚 🎧,focus
2unMCmT3nl0VBRFI3J0xIv,Tony Anderson,Éclosion,50,295200,False,Music to study📚 🎧,focus
5GbVzc6Ex5LYlLJqzRQhuy,Sufjan Stevens,Mystery of Love,79,248960,False,Music to study📚 🎧,focus
2tjPbMMxuBFOYMF1QYsc2O,Alberto Ciccarini,iknowuloveme - slow version,45,166736,False,Music to study📚 🎧,focus
1Cpeyxrxnpde1LWdJWGFoJ,Marshall Muze,All Day,29,169953,False,Music to study📚 🎧,focus
2K7xn816oNHJZ0aVqdQsha,The Neighbourhood,Softcore,85,206280,False,Music to study📚 🎧,focus
7LOR8Rdc5n2EkduOXZeTp6,j^p^n,Amend,57,104150,False,Music to study📚 🎧,focus
6hueGTG7Iy488gWqRMIx6e,Swik,"please, stay away",43,206471,False,Music to study📚 🎧,focus
41NF5qb0RhFs4duyb4owHv,Super Piano 64,Gerudo Valley,42,200699,False,Music to study📚 🎧,focus
1Knvb7qxFMG2vuPdvBU9Vl,mxpheebz,The Beach (Instrumental Slowed + Reverb),60,267459,False,Music to study📚 🎧,focus
32xjgqHt76Q8sipEop3Bci,Vague003,drowning,62,117341,False,Music to study📚 🎧,focus
2LJ4IEWN81ZvSQpSnWhIjN,Foxilitus,Hometown Slow,45,100977,False,Music to study📚 🎧,focus
3ZCTVFBt2Brf31RLEnCkWJ,Billie Eilish,everything i wanted,83,245425,False,Music to study📚 🎧,focus
37vVp2sWHuuIBOSl1NswP6,Isabel LaRosa,i'm yours,77,145667,False,Music to study📚 🎧,focus
3dCRHvpWUK5cWHKX4AkB4q,Øneheart,next to you (Slowed + Reverb),43,138906,False,Music to study📚 🎧,focus
5QOBT97OmYCZo1W5u7tRrB,Fred again..,ten,63,181545,False,Music to study📚 🎧,focus
5FkJHVudUByVjanCqFXRql,Mr.Kitty,After Dark,64,257147,False,Music to study📚 🎧,focus
5XtsfMFmpM401S6dbVaOQw,NBSPLV,The Lost Soul Down - Slowed & Reverb,70,241111,False,Music to study📚 🎧,focus
0V5cvmTKsYmF5FmGGEAfmS,Patrick Watson,Je te laisserai des mots,5,160853,False,Music to study📚 🎧,focus
3dSIHREYh7yDmVrB5mX65j,ADTurnUp,Palace (Sped Up),0,136939,False,Music to study📚 🎧,focus
33zcCINLqPbJzIiNzDOkzr,A Samurai In Tokyo,Kaikai Kitan,40,60428,False,Music to study📚 🎧,focus
39uLYYZytVUwcjgeYLI409,Joe Hisaishi,Merry-Go-Round of Life - from 'Howl's Moving Castle',68,311106,False,Music to study📚 🎧,focus
7eJnqjloMsQGrYOYIfDNTR,rebug,run run run (slowed + reverb),0,93850,True,Music to study📚 🎧,focus
1JB9UwnwVV5LK2PQzFp1kN,Deepy Sleepy,thoughts with no feelings,31,91962,False,Music to study📚 🎧,focus
5e2l2ZAMwHmrkdM4Z6NhAR,Shiloh Dynasty,Again,66,157205,False,Music to study📚 🎧,focus
0aswWa6WvtPPCNSDTneSay,LLusion,Meh (Banakula) - Slowed,1,106867,False,Music to study📚 🎧,focus
2Kb6vIgXgtFXdJ1iepZSvM,Deepy Sleepy,watching the stars,29,111157,False,Music to study📚 🎧,focus
39Odj4vLKRarATkCA31gaW,Lykke Li,Possibility,60,306440,False,Music to study📚 🎧,focus
6EdVTOk5e4RApmwHNBJew9,Adrian,9am in Calabasas,0,114967,False,Music to study📚 🎧,focus
4aiOsfMfsi62QktvVEefTm,VØJ,Lost Memory,51,157597,False,Music to study📚 🎧,focus
26xgfuQnTaa5UQJhdQACz6,Pogo,Forget,56,164703,False,Music to study📚 🎧,focus
07mdQUH1Cy5j4mTpyG6IOe,Ark Patrol,Let Go,75,248056,False,Music to study📚 🎧,focus
4RzrBdipPJ14YdWcOgOszw,Ambient Hood,Let Go (Ambient) [Ark Patrol],0,132961,False,Music to study📚 🎧,focus
6xf3VB5TJp54tESYNew0IC,KAYTIE,Stuck In The Past,5,226202,False,Music to study📚 🎧,focus
1ReaHI6Y1kU0Jvg6QFn15C,Nickolas Bercheri,Nuvole Threnode,49,180913,False,Music to study📚 🎧,focus
3EuAilyY7kYpL0QlC9iubA,LAGXNA,00:00,47,134979,False,Music to study📚 🎧,focus
049HIJSatPM8TWe2hRTGI1,Delukelele,A Simple Ukulele,32,154991,False,Music to study📚 🎧,focus
1vPNkGdmblo8MyceQ5sbsU,A Samurai In Tokyo,Gurenge,40,64807,False,Music to study📚 🎧,focus
6UPWpKFmVwebHCgT5JmbNG,Cloke,So Low,51,158801,False,Music to study📚 🎧,focus
5TkdUBlLZVeXcyiAOtOgSo,Lebouth,Vinyl and Vapor,22,171200,True,Music to study📚 🎧,focus
7eJMfftS33KTjuF7lTsMCx,Powfu,death bed (coffee for your head),81,173333,False,Music to study📚 🎧,focus
4JNdwEfqwFRiAeEISC8RU8,The Weeknd,Die For You (with Ariana Grande) - Remix,73,232857,False,Music to study📚 🎧,focus
1lb3H41lbvAN28N7yqRNL9,Gibran Alcocer,Idea 10,75,128000,False,Music to study📚 🎧,focus
3NWUIecw4oYXqdzULIH43x,Piano Lad,Piano Lad,41,176677,False,Music to study📚 🎧,focus
1xK59OXxi2TAAAbmZK0kBL,d4vd,Romantic Homicide,84,132630,False,Music to study📚 🎧,focus
1A1qr49Rs4jJ5nPj8y0Ews,A Samurai In Tokyo,Sincerely True,44,64000,False,Music to study📚 🎧,focus
6TbCQkSbt9Gx4XDaktALPD,Swik,sad,41,147711,False,Music to study📚 🎧,focus
2PWTZV5znjLtZC5T1EVJvL,JVKE,this is what falling in love feels like,78,120308,False,Music to study📚 🎧,focus
1WsEgieHsWWndAzLkmV105,Billie Eilish,hostage,74,229425,False,Music to study📚 🎧,focus
56xHMIfQPoe0prrSi3BGhf,Olivia Rodrigo,Can’t Catch Me Now - from The Hunger Games: The Ballad of Songbirds & Snakes,72,205483,False,Music to study📚 🎧,focus
20I2uDgPP2ReUv5isYjRFf,Sgarz,interface,39,172978,False,Music to study📚 🎧,focus
78Vm1H6bT8WQyPNyx7HBhP,Kinneret,No Wind Resistance!,0,198923,False,Music to study📚 🎧,focus
13SP8QV7MiwFUG90Po5JdD,Dybbukk,Star Shopping (Slowed),48,78735,False,Music to study📚 🎧,focus
2OrucC3HEPmZpkaQ05Nx0V,GenriX,novocaine,69,195605,True,Music to study📚 🎧,focus
1kJSda5yj2yM7NLXItqgZD,VaporGod,Diamondz n Roses (Back It Up!),0,93428,False,Music to study📚 🎧,focus
3kr3TKSnORa0hAeFluimk7,Lebouth,Late Checkout,20,194960,True,Music to study📚 🎧,focus
03Y2XUnIBuDczee1OyA4xS,Teo Missing,Align,11,194700,True,Music to study📚 🎧,focus
7Aua757VSl2zj4YZ6HHMfH,VaporGod,Diamondz n Roses,0,264263,False,Music to study📚 🎧,focus
7FtKmHnpcW6NDCCLe83CjR,Spaceouters,Fireflies,45,298799,False,Music to study📚 🎧,focus
4QzZVJc6qPTtTkPem7qZRo,Laurindo Almeida,The Lamp Is Low,65,170790,False,Music to study📚 🎧,focus
4dyx5SzxPPaD8xQIid5Wjj,Peter Bjorn and John,Young Folks,78,276693,False,Music to study📚 🎧,focus
5zBcf3scwzYz3NFFoPcwYW,A Samurai In Tokyo,Inosuke Theme,41,58200,False,Music to study📚 🎧,focus
0EF1EE8zusg3Y869e56JFd,Rio Romeo,Nothing's New,79,211000,False,Music to study📚 🎧,focus
15uq77MdhAjrnBuumngIsz,noturgf,Suffocation - Slowed,1,64842,False,Music to study📚 🎧,focus
0AWbgZhDD1Wtz2DaPGabw6,Lebouth,Loops from Harlem,21,174680,True,Music to study📚 🎧,focus
0sTlGEld0h8kIPZaKDYUf4,The Rare Occasions,Notion,84,195120,False,Music to study📚 🎧,focus
45kjWhIAQlUtMR8z2hRyKY,Rachel Daku,Wan Dark,44,134615,False,Music to study📚 🎧,focus
1W9mO8lVFD2AhsIRwwMQ8r,GenriX,so low,61,209187,False,Music to study📚 🎧,focus
5gDWsRxpJ2lZAffh5p7K0w,The Weeknd,Stargirl Interlude,78,111626,False,Music to study📚 🎧,focus
67Hna13dNDkZvBpTXRIaOJ,Massive Attack,Teardrop,74,330773,False,Music to study📚 🎧,focus
0j5FJJOmmnXPd0XajFWkMF,Massive Attack,Unfinished Sympathy - 2012 Mix/Master,68,308426,False,Music to study📚 🎧,focus
4h04HOkCsIPfFu1uwwjQWU,Massive Attack,Silent Spring,46,187453,False,Music to study📚 🎧,focus
7D0tMsj3R2aEEXBwlVo2Yt,skyemane,Skyfall - Slowed + Reverb,0,352721,False,Music to study📚 🎧,focus
2VUEgkK07QFkVaXCakaszE,Maeksll,Schneeregen,43,188342,False,Music to study📚 🎧,focus
6mgWKFJL9WDrQsh9UO5vM5,Sgarz,interface (slowed),20,288502,False,Music to study📚 🎧,focus
6sd1WhqsC34FLS3VBarLw0,HP: 925 MP: 463,Rare Bird,0,308307,False,Music to study📚 🎧,focus
1Bm9mFt5H5TnaZb4XuIyn9,CPRCRN,scandalous (novacaine),48,224216,False,Music to study📚 🎧,focus
2n1U0UuPUHISJhvrFyHxy1,Gibran Alcocer,Idea 7,60,150078,False,Music to study📚 🎧,focus
4oDIYpray7vbmq2TOj7HoO,Stefano Dormaritti,Debúte,51,127644,False,Music to study📚 🎧,focus
06E5KyqnDTueEbdT22FFvM,Hisohkah,School Rooftop,61,167967,False,Music to study📚 🎧,focus
5wJL3jN41U1QIgcZcZbVJT,VaporGod,Diamondz n Roses - Reverse Roses,0,126683,False,Music to study📚 🎧,focus
6PetYmvjKZBjiUYlnlAcn1,JVKE,this is what space feels like,63,183017,False,Music to study📚 🎧,focus
2ofY6rdtU7E8OVyUWYvMjX,Addict.,feel your warmth,37,111000,False,Music to study📚 🎧,focus
6sPXIoaH8wQdzhxBqgJHrX,A Samurai In Tokyo,Black Rover,42,64614,False,Music to study📚 🎧,focus
3q9VZiTlIOqkmoqrpHNUVq,Dsippy,Hotline Bling Billie Speed,34,323849,False,Music to study📚 🎧,focus
0NYDAVisZzwyaA20ux3ni1,Lebouth,Espresso at 3AM,20,250880,True,Music to study📚 🎧,focus
0mL82sxCRjrs3br407IdJh,The Weeknd,Is There Someone Else?,80,199111,False,Music to study📚 🎧,focus
3AW9ur6MHakKqz9VYDi35N,Luca Pena,af1 - Radio Edit,0,133333,False,Music to study📚 🎧,focus
7djLDvE9FPOo3MVnIsY0zu,Rachel Rosenni,J'me Tire,39,131639,False,Music to study📚 🎧,focus
1FdAQAZ36mFD7Qm8zwg80Q,Fly Harry Fly,Sleepy Giant,23,124072,False,Music to study📚 🎧,focus
65r94rVdiMwqXyQFEr3tqT,Home,Resonance,1,212881,False,Music to study📚 🎧,focus
3hfvzrj13TtfKq8P3WG2Q1,PR1SVX,CRYSTALS (Slowed),2,75833,False,Music to study📚 🎧,focus
3Q72ZgMzR2y8cyKi6tGjLM,Player One,Sunset Theme,38,69428,False,Music to study📚 🎧,focus
2YOGCTiPJWMhZRdeadFj8G,JVKE,this is what autumn feels like,69,219909,False,Music to study📚 🎧,focus
6WzRpISELf3YglGAh7TXcG,The Weeknd,Popular (with Playboi Carti & Madonna) - From The Idol Vol. 1 (Music from the HBO Original Series),82,215466,True,Music to study📚 🎧,focus
79hORDzsbz21srcYgJTgMV,Metro Boomin,Trance (with Travis Scott & Young Thug),46,194786,True,Music to study📚 🎧,focus
2QKcAsvdnzwLXtNV2BMCHs,core²,Frank Saint,0,231948,False,Music to study📚 🎧,focus
4v7DCN09hgXkKazefkznDQ,Akon,Lonely,80,235800,True,Music to study📚 🎧,focus
78Sw5GDo6AlGwTwanjXbGh,d4vd,Here With Me,4,242484,False,Music to study📚 🎧,focus
7z9AOGR6nZlvybNKDj6sDv,The Theme System,Stranger Things,54,50714,False,Music to study📚 🎧,focus
1cKHdTo9u0ZymJdPGSh6nq,The Weeknd,I Was Never There,82,241066,False,Music to study📚 🎧,focus
09mEdoA6zrmBPgTEN5qXmN,The Weeknd,Call Out My Name,85,228373,False,Music to study📚 🎧,focus
41Td3eGMGsSn0HXT1lown1,Lebouth,Coffeehouse,20,113080,False,Music to study📚 🎧,focus
0VjIjW4GlUZAMYd2vXMi3b,The Weeknd,Blinding Lights,89,200040,False,Music to study📚 🎧,focus
3Atgbq5Ix0uxqmHWA1AwwS,sorry idk,Bleed,27,119322,False,Music to study📚 🎧,focus
47UkAwI7ygrMl6JZ5ZExPQ,SymphoCat,Long Whale Song,57,1165355,False,Music to study📚 🎧,focus
5N2P7lUKmol3N8MnKoCiTE,1nonly,I Think I Love You,0,176013,True,Music to study📚 🎧,focus
2KWiZ6HVUh22gcRp0gnziN,Lebouth,Smooth Blend,20,131480,False,Music to study📚 🎧,focus
4MANod8oMUPPAm4wokn5AV,OSAKA,level7 (demo),42,91136,False,Music to study📚 🎧,focus
5fqYqPWlfQhIkcUY3XAJlm,Patrick Watson,Ode to Vivian,1,89601,False,Music to study📚 🎧,focus
2kbruQXVXFmxxm4l75zuwy,Yehezkel Raz,Behind Every Decision,63,105940,False,Music to study📚 🎧,focus
5kkVZBRDwc8OjbZgx7PM2R,Dreamworld,Floating Interstellar,39,99038,False,Music to study📚 🎧,focus
3IznIgmXtrUaoPWpQTy5jB,TV Girl,Not Allowed,84,167864,True,Music to study📚 🎧,focus
1xyN0kSLjNWV1n9aSpia2m,my head is empty,i was only temporary 2 u,61,96153,False,Music to study📚 🎧,focus
71ePyVmPnRXDBllayCh1UW,Lebouth,Tokyo Diner Nights,21,121400,False,Music to study📚 🎧,focus
4jep6dMPP0z7HrN375InoL,Erik Satie,Première Gymnopédie,54,204266,False,Music to study📚 🎧,focus
0bDujk0eR5wOIWlzKVizZH,Lebouth,Bitter Sweet,21,117040,False,Music to study📚 🎧,focus
7EkWXAI1wn8Ii883ecd9xr,Surf Curse,Freaks,85,147062,False,Music to study📚 🎧,focus
1aXV8GrmQLvgoFtBPERP7E,Eyedress,Jealous,62,122338,False,Music to study📚 🎧,focus
5QO79kh1waicV47BqGRL3g,The Weeknd,Save Your Tears,86,215626,True,Music to study📚 🎧,focus
0uAxQHG8LGdZGKLpDR47nE,my head is empty,"life, on hold",58,88615,False,Music to study📚 🎧,focus
2G2zAIs50FJyvutTfZqkZj,Lilithzplug,CLEARED - Remix (Slowed),61,167109,True,Music to study📚 🎧,focus
5EhhsHcIsI4uoMDH7mMXzi,CXSPER,Yasashi,0,93456,False,Music to study📚 🎧,focus
0ECFKrZI3VZKPNWGs1CoSq,ciaffa,the lonely tree (slowed),0,165564,False,Music to study📚 🎧,focus
4rUrCEPEovhwT4WXRntSXe,Caleb Arredondo,Feeling Blue,0,106997,False,Music to study📚 🎧,focus
4s42MLmwDMD4KJKaRr0Wcz,Caleb Arredondo,Hope,0,109969,False,Music to study📚 🎧,focus
0uMZbmAAgOhdMrv25iPEH6,Sidewalks and Skeletons,Goth,76,207120,False,Music to study📚 🎧,focus
6Dk5fHTvH897XrVzCO64Mx,Bobby Caldwell,What You Won't Do for Love,73,286493,False,Music to study📚 🎧,focus
3vkCueOmm7xQDoJ17W1Pm3,Mitski,My Love Mine All Mine,86,137773,False,Music to study📚 🎧,focus
6bmlhIWJsm2NIb75b9RUe8,nobody,Interstellar - Slowed + Reverb,52,180938,False,Music to study📚 🎧,focus
2Hh3ETdQKrmSI3QS0hme7g,Metro Boomin,Too Many Nights (feat. Don Toliver & with Future),84,199920,True,Music to study📚 🎧,focus
5wG3HvLhF6Y5KTGlK0IW3J,Metro Boomin,Trance (with Travis Scott & Young Thug),82,194786,True,Music to study📚 🎧,focus
5M2UOMbsjnh7vOOGm5KC72,Dreamworld,Silent Echoes,43,92495,False,Music to study📚 🎧,focus
3ppVO2tyWRRznNmONvt7Se,Drake,Summers Over Interlude,72,106333,True,Music to study📚 🎧,focus
3uouaAVXpQR3X8RYkJyitQ,Daniel Caesar,CYANIDE,3,194959,True,Music to study📚 🎧,focus
74tLlkN3rgVzRqQJgPfink,Kendrick Lamar,Money Trees,80,386906,True,Music to study📚 🎧,focus
3nXrCAE44KlevAkQB2XWcN,Teyana Taylor,Gonna Love Me,69,166997,False,Music to study📚 🎧,focus
7GPstnufSTScEaw9dMxO9H,SZA,Childs Play (feat. Chance the Rapper),66,216234,True,Music to study📚 🎧,focus
4ZTYSM6nsWjVAqf9BOY7qU,Godard,She Know What She Wanted - Jersey Club Remix Slowed,0,133722,True,Music to study📚 🎧,focus
4LIM4qmpHABufePRrLWbiM,Aphex Twin,QKThr,62,87466,False,Music to study📚 🎧,focus
20C59ZiRbuRZIY2Xbup9Wl,Antent,Pulse,59,128918,False,Music to study📚 🎧,focus
3qhlB30KknSejmIvZZLjOD,Djo,End of Beginning,98,159245,False,Music to study📚 🎧,focus
6biMM5aYs7lEiTvzsimvpq,Ambio,Serotonin,44,132000,False,Music to study📚 🎧,focus
0WIv5qV41y6YjjB9V1biuC,Muni Long,Made For Me,69,188000,False,Music to study📚 🎧,focus
7aJw1eDG42yODN1zEgFcWq,Mr. Everything,Off My Mind,0,118935,True,Music to study📚 🎧,focus
0k6uhJ9XEn1c1qqU2WxL59,Next To Blue,Audio 002,0,66666,False,Music to study📚 🎧,focus
7BasSD6e09kPBlkoWGmTox,ErgünProd,Sha,0,344940,False,Music to study📚 🎧,focus
2dHHgzDwk4BJdRwy9uXhTO,Metro Boomin,Creepin' (with The Weeknd & 21 Savage),81,221520,True,Music to study📚 🎧,focus
0vjeOZ3Ft5jvAi9SBFJm1j,Metro Boomin,Superhero (Heroes & Villains) [with Future & Chris Brown],78,182666,True,Music to study📚 🎧,focus
51rPRW8NjxZoWPPjnRGzHw,Masego,Tadow,8,301893,False,Music to study📚 🎧,focus
50Nvp4uBFLq02hz0v9tR2o,Dreamworld,Ethereal Whispers,42,90312,False,Music to study📚 🎧,focus
4kjI1gwQZRKNDkw1nI475M,Travis Scott,MY EYES,79,251249,True,Music to study📚 🎧,focus
42VsgItocQwOQC3XWZ8JNA,Travis Scott,FE!N (feat. Playboi Carti),84,191700,True,Music to study📚 🎧,focus
1VNWdmXSbaNrnWod10WIL0,The Weeknd,"One Of The Girls (with JENNIE, Lily Rose Depp)",62,244684,False,Music to study📚 🎧,focus
7nc7mlSdWYeFom84zZ8Wr8,Cochise,Tell Em,70,180379,True,Music to study📚 🎧,focus
7nDPdRP95iWpbjiU32cQxS,Ambio,Reborn,51,135278,False,Music to study📚 🎧,focus
7wEEumzsJZPlxLIkwYp7QP,mikeeysmind,Tell em,23,140004,False,Music to study📚 🎧,focus
5RE3w3M9g5vsotdIVtLONq,DVRST,Close Eyes - Slowed + Reverb,61,143769,True,Music to study📚 🎧,focus
5MZBwJc2vOJRPJTtvfe0EP,Ambio,Daydream,43,165456,False,Music to study📚 🎧,focus
6AyXQ8szpf2jrYygQitwST,Atiø,hesa,42,68624,False,Music to study📚 🎧,focus
2U0gMMhJu96GfmIdxf2vAz,Goomp,September Instrumental - Slowed,61,223379,False,Music to study📚 🎧,focus
1nO49nVkqlqOHU8mrjAVWu,TheExorcist,Agony - Instrumental,0,301740,False,Music to study📚 🎧,focus
52eIcoLUM25zbQupAZYoFh,21 Savage,redrum,79,270697,True,Music to study📚 🎧,focus
1lGxdHFKANVSEKUwmGmDbf,Dreamworld,Serenity's Veil,40,97110,False,Music to study📚 🎧,focus
5JI4APRlbVJSBNFRYF8hds,Prod DR3o,9am in Calabasas,33,162365,False,Music to study📚 🎧,focus
7Ko1ZXgGku1hjFH7LIfD33,Current Joys,Become the Warm Jets,1,334901,False,Music to study📚 🎧,focus
3CboywxfJIgvHqi2FF4exb,A-Wall,Loverboy,0,224520,False,Music to study📚 🎧,focus
4WmB04GBqS4xPMYN9dHgBw,Hans Zimmer,Day One (Interstellar Theme),70,199422,False,Music to study📚 🎧,focus
3CLhX1JkJZ4s5umNnOqCRh,Beach House,Space Song,59,320466,False,Music to study📚 🎧,focus
4Gyevf6hfKBzh69K79twjP,ta2cute,Cult Classic,0,107520,False,Music to study📚 🎧,focus
5sDjVrJIGq1C5Rlwi60peK,cfxvsc,i did not turn my face from you,0,122540,False,Music to study📚 🎧,focus
07aFPfKZLcmcp1stuJJwbj,BaileyPiano,Howls Moving Castle On Old Piano,46,68153,False,Music to study📚 🎧,focus
1OubIZ0ARYCUq5kceYUQiO,Mac Miller,Congratulations (feat. Bilal),77,256426,True,Music to study📚 🎧,focus
4A956zef87NynauBcvMeAG,Jansito Sonsuke,Gurenge - Demon Slayer - (Piano Version),45,51567,False,Music to study📚 🎧,focus
2jdw2tc29bqJwToyGvKgJm,Jaden,Ninety,53,468168,True,Music to study📚 🎧,focus
6hzbRKhJHo6cfCHSnNaDS8,Mac Miller,"God Is Fair, Sexy Nasty (feat. Kendrick Lamar)",64,500960,True,Music to study📚 🎧,focus
1A8RGlqkdjAfwkXtEgJ7wR,PARTYNEXTDOOR,Sex on the Beach,73,229776,True,Music to study📚 🎧,focus
7B1c8GzIeRVfuU7pqgmBaR,Summer Walker,BP,57,109413,False,Music to study📚 🎧,focus
6K4t31amVTZDgR3sKmwUJJ,Tame Impala,The Less I Know The Better,89,216320,True,Music to study📚 🎧,focus
12IDjB4I8JeWIsElvRMb63,Yohan Colla,Amend (slowed & 8d),0,179666,False,Music to study📚 🎧,focus
1bLz4aJcrGv7vnVsnOYR6i,The Lonely Tree,it hurts so bad,56,72724,True,Music to study📚 🎧,focus
4r5lRNwpBgVBVkU5QUkx7p,The Lonely Tree,all alone in the rain,48,239000,False,Music to study📚 🎧,focus
6UEavK4FwqZNqQU59DtA2E,The Lonely Tree,Killswitch Lullaby (Slowed + Reverb),62,166285,False,Music to study📚 🎧,focus
4BsglRZtLl6RD5pMgl2yAc,Mylesxiety,Are you okay? (Slowed & Reverb),20,106057,False,Music to study📚 🎧,focus
2j7IP4msk5ZdSBtPQHuVly,Aaron Hibell,i feel lost,50,147600,False,Music to study📚 🎧,focus
2cMCreuGNlEP5zzxXIMQS2,Unjaps,Fika,0,198391,True,Music to study📚 🎧,focus
4krUy4CsXovQlS8iHiwHMX,Antent,October,53,131841,False,Music to study📚 🎧,focus
5vduziuwf0BO3ehBTIRlY8,translucent,Poison Tree - Instrumental,0,270015,False,Music to study📚 🎧,focus
1136nfwNfK1P1f7YkcqWHU,blawhitt,99,50,125309,False,Music to study📚 🎧,focus
0pA5cAc0t07R20LaaJqdnr,Kitt Katt,4AM - sped up,30,99631,False,Music to study📚 🎧,focus
6JP83QzE8K7fnN2scg5Vrm,4me,Bane - Instrumental,32,157361,False,Music to study📚 🎧,focus
0IDRed6lCswhAb3IEa4rop,CapzLock,Has To Be,0,115754,False,Music to study📚 🎧,focus
2UEa1RkPSgaq9vD6I2lNDC,SnowKids,Movie,0,174315,False,Music to study📚 🎧,focus
1ExDyvuvYw8aDaqpPqsVZh,Hisohkah,School Rooftop (Intro) [Slowed Down Version],67,126000,False,Music to study📚 🎧,focus
6VDFNedenRi23XQ4Zx9IM1,A Samurai In Tokyo,Unravel,19,58714,False,Music to study📚 🎧,focus
0pdQSoteoXITV7keAcfJYW,0B3Z,No Idea X Tell Em,0,131115,False,Music to study📚 🎧,focus
5r8Fa4Sw3Ru6vjaiMZINvN,VaporGod,Diamondz n Roses - Mr Rizz Edit,0,271370,False,Music to study📚 🎧,focus
69pHMM7biztKZHCTnxnzFI,my head is empty,numb,63,101818,False,Music to study📚 🎧,focus
5nCwMX5CTGLjeBUvk4e4LJ,Antent,drowning (edit),55,133315,False,Music to study📚 🎧,focus
1GH5WVzyn8GIhAlL2DHjWT,The Lonely Tree,Drowning,48,142186,False,Music to study📚 🎧,focus
54pBNFYM1tEa3kUChO0gGs,cfxvsc,interlinked x present,0,95930,False,Music to study📚 🎧,focus
4txrAyGAWA9JqZzoNHiPRh,TileKid,you not the same,71,128798,False,Music to study📚 🎧,focus
6LrwtUyELbJQFhC0W2bc5v,Azaky,Raining Tree,0,241336,False,Music to study📚 🎧,focus
306b48egQGbp4RDhI4Nuzh,translucent,Fourth Of July - Instrumental,51,346105,False,Music to study📚 🎧,focus
66MP31dDAEV6rsmMKDVm9o,Hisohkah,School Rooftop (Bird Sounds),70,85500,False,Music to study📚 🎧,focus
0X4YYZtZcvqNqYIpMd93IT,my head is empty,i was only temporary,71,98621,False,Music to study📚 🎧,focus
4fqWt2DlnPcQa52VanY42a,alterity,aria math,41,158169,False,Music to study📚 🎧,focus
4HMop4Re0iucehmF7mgV27,4batz,act ii: date @ 8,63,113684,True,Music to study📚 🎧,focus
3iNqSjrurD6LjMg973V8bx,.diedlonely,fading,59,101197,False,Music to study📚 🎧,focus
332Vls1bi4Gl0ncNQkP44a,1mady,The Lonely Tree (Rain),42,276708,False,Music to study📚 🎧,focus
4xfoRRnDPMu6EyFdQfXOXi,The Lonely Tree,Tlt Corecore Depressed,0,82245,False,Music to study📚 🎧,focus
1miBMMwRKSCL6RItKHbXuR,daniel.mp3,3 am walk - Slowed & Reverb Version,67,199043,False,Music to study📚 🎧,focus
6tXoPGzzkv3BHCzHipbfNo,beamglow,Tell Em (Instrumental Remake) - Slowed & Reverbed,40,209067,False,Music to study📚 🎧,focus
2PpYJcgJN6PzozUv7rU669,.diedlonely,stellar,69,99672,False,Music to study📚 🎧,focus
2tLkeAtUZMV460wgJn6fRg,A Samurai In Tokyo,Akaza Theme,29,58846,False,Music to study📚 🎧,focus
77KnJc8o5G1eKVwX5ywMeZ,Young the Giant,Mind Over Matter (Reprise),74,230866,False,Music to study📚 🎧,focus
6op1kH6zHU9JJu7vRZwrap,Leox,The Lonely Tree Corecore Depressed,0,82526,False,Music to study📚 🎧,focus
7gSBRUALRIO9miGMDWIQzc,A Samurai In Tokyo,Ashes On The Fire,28,55714,False,Music to study📚 🎧,focus
2XZ3d4N1Y2ID52g5iIvsAq,The Lonely Tree,interlinked,49,55587,False,Music to study📚 🎧,focus
5UYsWTdlcRc22ilaY3VyL0,Armando Trovajoli,"L'amore dice ciao (From ""La matriarca - The Libertine"") - Main Titles",54,192466,False,Music to study📚 🎧,focus
1MFASTOgDmN4AdjC6aPX3b,Smyang Piano,One Summer's Day,0,168168,False,Music to study📚 🎧,focus
5X5Aw2yaaCXncoiQh3gWRc,Cochise,YOSHIMITSU,50,172934,True,Music to study📚 🎧,focus
5RHSW2WwdRhM0FxjqM6cY1,A Samurai In Tokyo,Zenitsu Theme,20,58285,False,Music to study📚 🎧,focus
2GrOq1y5gksYrqkc8Jzl9T,Ice Cube,It Was A Good Day,70,260079,True,Music to study📚 🎧,focus
3ZrpdBzqBedVKp6P5lvkTN,Scammacist,Yugoslavskiy Groove (Soft Blade) - Slowed,0,80000,False,Music to study📚 🎧,focus
6TgxoURvSkgjlIh3Gork0C,ADTurnUp,8AM,0,156458,False,Music to study📚 🎧,focus
6klWFpyP5bTi76c4Cyw6n8,Deister Orchestra,Liquid Smooth - Lumatone Version,60,199071,False,Music to study📚 🎧,focus
7KJPLYGCcgVcLTQBt9Fa6k,NXY0TAR0,PORSCHE,54,139441,False,Music to study📚 🎧,focus
76v8yYCzBkuv7efXLQTU5A,Resonance Hub,A Brighter Future,60,130000,False,Music to study📚 🎧,focus
6gBFPUFcJLzWGx4lenP6h2,Travis Scott,goosebumps,84,243836,True,Music to study📚 🎧,focus
13dJfY48KaZzrmCbOuMZUf,fam0uz,Nightcrawler - Instrumental Slowed,55,75000,False,Music to study📚 🎧,focus
1ckhUtD8nBH2ShPlU8w2nU,Frizk,ALL MY FELLAS,67,141334,False,Music to study📚 🎧,focus
5iEwuytDJ1CzsZ3IL63pgw,CXSPER,Yasashi - Slowed,0,104908,False,Music to study📚 🎧,focus
3VCXx37jNGNOMns6z2OnvJ,Harmless,Swing Lynn,73,321438,False,Music to study📚 🎧,focus
5PHSyGMwRTpB2iP6pYjoWV,Other Nothing,Ww,21,93000,False,Music to study📚 🎧,focus
1lAUOryDWVSCKSUdB3yvpM,Chris Travis,Diamonds,28,206124,True,Music to study📚 🎧,focus
0biXZjtp6wn8eUeiJyXttH,HR,EEYUH! (Super Slowed),44,164571,False,Music to study📚 🎧,focus
2V852FRIFO7mFgfiyDMum1,Current Joys,Symphonia IX,1,181360,False,Music to study📚 🎧,focus
0BxE4FqsDD1Ot4YuBXwAPp,Arctic Monkeys,505,86,253586,False,Music to study📚 🎧,focus
3thoslrAmZtGmT6qP06PRo,Sviral.,Call Me,55,180000,False,Music to study📚 🎧,focus
6boe8hpFDRLnFVdesdFu57,Sviral.,Zelda's Lullaby / Count Me Out (Medley),0,158709,False,Music to study📚 🎧,focus
4K9fCsfAZmLogvDKKIRgCa,Cafuné,Tek It,71,191823,False,Music to study📚 🎧,focus
2nltARCkZyrzjQANViDpuX,Emile Mosseri,Jacob and the Stone,74,98560,False,Music to study📚 🎧,focus
5kI7cElqYX2QUhQwKhTKjH,fractal moments,Limerence (Slowed + Reverb),38,197571,False,Music to study📚 🎧,focus
4Lr1MhZ6wJX3uNOQJkwUg6,G7 MUSIC BR,Automotivo da Zona Sul 4 (Super Slowed),51,194232,True,Music to study📚 🎧,focus
0f8eRy9A0n6zXpKSHSCAEp,Steve Lacy,Infrunami,81,178328,False,Music to study📚 🎧,focus
7FKLbfLP8JK1MXKRrYx4Kd,Artemas,i like the way you kiss me - burnt,63,162406,False,Music to study📚 🎧,focus
4LDFOPkv5uEapcM3g9WgZj,ILLXSION,Celestial Wave - Slowed,21,109528,False,Music to study📚 🎧,focus
2zFpMThv5f6y4OW79sUR91,reidenshi,Rain,54,157974,False,Music to study📚 🎧,focus
1176WzZTMgdV26eAcKyAZZ,Ty's Music,As Time Flies,0,97975,False,Music to study📚 🎧,focus
1sSWeebrHxMLdixWRgs778,my head is empty,a way out,68,135418,False,Music to study📚 🎧,focus
6hIN2CWE4FrVqHBa0rrrOT,Caleb Arredondo,Echo Sax No.4,0,101034,False,Music to study📚 🎧,focus
4ebfB7sxkBBKafaCeN3orh,vagabond,resurrection,23,124202,False,Music to study📚 🎧,focus
1h0vtVWW5INmO7WWJmW3OB,Flawed Mangoes,Dramamine,0,205714,False,Music to study📚 🎧,focus
1WZGaNYzreZrvteuUEfp8X,Dorian Concept,Hide - CS01 Version,0,181175,False,Music to study📚 🎧,focus
5PIPicUiyuriHwrFmhCNRm,The Lonely Tree,why are u crying?,53,42910,False,Music to study📚 🎧,focus
0YLHyxLJViaLW7BKx9yVRl,adore,did i tell u that i miss u - slowed,63,137854,False,Music to study📚 🎧,focus
5pnxl9ttXN02vDhYM5YrJz,skywave,lost woods - slowed + reverb,61,77812,False,Music to study📚 🎧,focus
4bndzUNDwh8G26aZOYoewq,noturgf,Suffocation - Super Slowed,55,97000,False,Music to study📚 🎧,focus
2mcHdpF1p3H9d2cNThVdxD,Blue Bunny,you look lonely,46,96000,False,Music to study📚 🎧,focus
09dfczi8eIsGc4qTg1igmu,xaviorthemachine,You Have No Enemies,0,59173,False,Music to study📚 🎧,focus
0l6ROV67XhpIya3RvGzkvX,Less Gravity,Great Fairy Fountain,53,109711,False,Music to study📚 🎧,focus
04RsmH7XI4ycOXFw6maROf,goated.,Ylang Ylang - Piano Version,49,63579,False,Music to study📚 🎧,focus
2s4AcE9n80mSHl87lp4gIm,Doja Cat,Wine Pon You (feat. Konshens),79,219004,True,Music to study📚 🎧,focus
3vcLw8QA3yCOkrj9oLSZNs,Kanii,I Know - PR1SVX Edit,67,133829,True,Music to study📚 🎧,focus
6RiiSy9GzSwiyDEJDiMuKe,Eyedress,Something About You,64,153312,False,Music to study📚 🎧,focus
2vWBUC9djv6BtiGlmKiQaH,Yot Club,YKWIM?,77,212750,False,Music to study📚 🎧,focus
2INYbcxP73Z3zgOzJvAxqR,Flawed Mangoes,The Beginning,63,175384,False,Music to study📚 🎧,focus
3QVe9gr87GYcRXAkVpPVYl,Paulie Leparik,Middy Titty,58,94668,False,Music to study📚 🎧,focus
2psRActEWsTlYYd7EDoyVR,New West,Those Eyes,82,220750,False,Music to study📚 🎧,focus
2AXha0NTJ3RXqCVZ9HmMH4,Jtbazz,Love on me - Slowed Down,1,96705,True,Music to study📚 🎧,focus
2ca0ArhgmPOd0nMvhnXPlU,mimofr,exploration.mp3,43,197260,False,Music to study📚 🎧,focus
1MrSbSu9UNo7Aucwrf32WJ,daniel.mp3,green to blue - slowed + reverbed,71,187068,False,Music to study📚 🎧,focus
28C9kew3wEaTyMFWkkkanU,ciaffa,"If I Died, Would You Miss Me?",0,62093,False,Music to study📚 🎧,focus
7xF0aaK5a0eSp9Uld16QIK,Lil Uzi Vert,Watch This (ARIZONATEARS Pluggnb Remix) - Slowed Down Version,26,181334,True,Music to study📚 🎧,focus
6EQLN1Fl8oy46k4FMwhxug,Kanii,sins (let me in),67,128326,False,Music to study📚 🎧,focus
6me7F0aaZjwDo6RJ5MrfBD,Richy Mitch & The Coal Miners,Evergreen,82,87000,False,Music to study📚 🎧,focus
3EHNqdjKuK5YSVpIxqQKtu,Hikari,small village,26,132923,False,Music to study📚 🎧,focus
0sTjyzgd2K5htQpU8ienNe,Flawed Mangoes,Swimming,67,188048,False,Music to study📚 🎧,focus
7gNXY29SaVv9rN4z2oQhvz,Don Toliver,NO IDEA #jerseyclub - Ziahfyah & Indo2x Remix,60,156943,True,Music to study📚 🎧,focus
5Qnrgqy1pAm9GyNQOgyVFz,Sufjan Stevens,Fourth of July,79,279316,False,Music to study📚 🎧,focus
3pqlWpRxYbZ4rOjrF2sdpS,VDYCD,• L’Art du savoir • - Slowed,57,243720,False,Music to study📚 🎧,focus
1dSnbWHEnpZlhxsvc6Rak5,VDYCD,Lunaria - TT,33,172727,False,Music to study📚 🎧,focus
5qeq0p9dWgxUvjCNpjnVAn,ciaffa,Divine Failure!,0,180837,True,Music to study📚 🎧,focus
1tuSpba0RXUMubHpAOWlMN,d4vd,You and I,22,152551,False,Music to study📚 🎧,focus
4mIxQgfLFyTIK9DPR28PCm,bbygirl,bando - sped up + reverb,61,165590,True,Music to study📚 🎧,focus
72qSU1mTkBpwokctNf6KNv,noturgf,Resonance - Slowed & Reverb,63,318169,False,Music to study📚 🎧,focus
4ZklLyx2Dfw0HamIb62Grv,Txmy,Ethereal (Slowed),0,197647,False,Music to study📚 🎧,focus
6dOtVTDdiauQNBQEDOtlAB,Billie Eilish,BIRDS OF A FEATHER,94,210373,False,Music to study📚 🎧,focus
0YsGMHid6sFq5PcToe3JZE,Childish Gambino,Les,7,317293,True,Music to study📚 🎧,focus
0JIMT9gzLIIz0esKLyjbKf,Vacations,Telephones,81,212432,False,Music to study📚 🎧,focus
3EaJDYHA0KnX88JvDhL9oa,Steve Lacy,Dark Red,85,173104,False,Music to study📚 🎧,focus
3hxIUxnT27p5WcmjGUXNwx,Hotel Ugly,Shut up My Moms Calling,87,164571,False,Music to study📚 🎧,focus
